                                                                                           ,,,,,,,,,
  Yr, Mn,    Date,      Date,     CO2,seasonally,        fit,  seasonally,      CO2, seasonally
    ,   ,        ,          ,        ,  adjusted,           ,adjusted fit,   filled,adjusted filled
    ,   ,   Excel,          ,     ppm,      ppm,        ppm,      ppm,       ppm,      ppm
1960,1,21930,1960.041,      NaN,      NaN,316.32,316.23,316.32,316.23
1960,2,21961,1960.1257,      NaN,      NaN,316.97,316.31,316.97,316.31
1960,3,21990,1960.2049,317.7,316.29,317.8,316.39,317.7,316.29
1960,4,22021,1960.2896,319.08,316.57,318.97,316.47,319.08,316.57
1960,5,22051,1960.3716,      NaN,      NaN,319.48,316.54,319.48,316.54
1960,6,22082,1960.4563,      NaN,      NaN,318.72,316.62,318.72,316.62
1960,7,22112,1960.5383,      NaN,      NaN,317.16,316.7,317.16,316.7
1960,8,22143,1960.623,315.71,317.32,315.17,316.78,315.71,317.32
1960,9,22174,1960.7077,      NaN,      NaN,313.75,316.86,313.75,316.86
1960,10,22204,1960.7896,312.85,315.84,313.95,316.94,312.85,315.84
1960,11,22235,1960.8743,      NaN,      NaN,315.27,317.02,315.27,317.02
1960,12,22265,1960.9563,316.81,317.46,316.44,317.09,316.81,317.46
1961,1,22296,1961.0411,317.41,317.32,317.26,317.17,317.41,317.32
1961,2,22327,1961.126,      NaN,      NaN,317.91,317.25,317.91,317.25
1961,3,22355,1961.2027,318.15,316.76,318.71,317.32,318.15,316.76
1961,4,22386,1961.2877,      NaN,      NaN,319.89,317.4,319.89,317.4
1961,5,22416,1961.3699,      NaN,      NaN,320.42,317.47,320.42,317.47
1961,6,22447,1961.4548,318.8,316.66,319.67,317.54,318.8,316.66
1961,7,22477,1961.537,318.91,318.43,318.1,317.61,318.91,318.43
1961,8,22508,1961.6219,315.47,317.06,316.09,317.68,315.47,317.06
1961,9,22539,1961.7068,315.61,318.73,314.63,317.74,315.61,318.73
1961,10,22569,1961.789,314.92,317.93,314.8,317.8,314.92,317.93
1961,11,22600,1961.874,316.19,317.95,316.1,317.86,316.19,317.95
1961,12,22630,1961.9562,318.15,318.81,317.25,317.91,318.15,318.81
1962,1,22661,1962.0411,317.09,317,318.05,317.96,317.09,317
1962,2,22692,1962.126,318.36,317.69,318.68,318.01,318.36,317.69
1962,3,22720,1962.2027,320.05,318.65,319.45,318.06,320.05,318.65
1962,4,22751,1962.2877,320.3,317.8,320.61,318.11,320.3,317.8
1962,5,22781,1962.3699,321.54,318.57,321.12,318.15,321.54,318.57
1962,6,22812,1962.4548,320.05,317.91,320.34,318.2,320.05,317.91
1962,7,22842,1962.537,317.99,317.5,318.74,318.25,317.99,317.5
1962,8,22873,1962.6219,317.1,318.69,316.7,318.3,317.1,318.69
1962,9,22904,1962.7068,315.35,318.48,315.22,318.35,315.35,318.48
1962,10,22934,1962.789,314.67,317.68,315.38,318.4,314.67,317.68
1962,11,22965,1962.874,316.97,318.74,316.69,318.45,316.97,318.74
1962,12,22995,1962.9562,      NaN,      NaN,317.85,318.51,317.85,318.51
1963,1,23026,1963.0411,      NaN,      NaN,318.65,318.56,318.65,318.56
1963,2,23057,1963.126,      NaN,      NaN,319.28,318.61,319.28,318.61
1963,3,23085,1963.2027,      NaN,      NaN,320.06,318.66,320.06,318.66
1963,4,23116,1963.2877,      NaN,      NaN,321.23,318.71,321.23,318.71
1963,5,23146,1963.3699,      NaN,      NaN,321.74,318.77,321.74,318.77
1963,6,23177,1963.4548,      NaN,      NaN,320.97,318.82,320.97,318.82
1963,7,23207,1963.537,      NaN,      NaN,319.36,318.87,319.36,318.87
1963,8,23238,1963.6219,      NaN,      NaN,317.32,318.92,317.32,318.92
1963,9,23269,1963.7068,316.41,319.55,315.83,318.97,316.41,319.55
1963,10,23299,1963.789,      NaN,      NaN,315.99,319.02,315.99,319.02
1963,11,23330,1963.874,      NaN,      NaN,317.29,319.07,317.29,319.07
1963,12,23360,1963.9562,      NaN,      NaN,318.45,319.12,318.45,319.12
1964,1,23391,1964.041,      NaN,      NaN,319.25,319.16,319.25,319.16
1964,2,23422,1964.1257,      NaN,      NaN,319.88,319.21,319.88,319.21
1964,3,23451,1964.2049,      NaN,      NaN,320.69,319.26,320.69,319.26
1964,4,23482,1964.2896,      NaN,      NaN,321.85,319.31,321.85,319.31
1964,5,23512,1964.3716,      NaN,      NaN,322.34,319.35,322.34,319.35
1964,6,23543,1964.4563,      NaN,      NaN,321.54,319.4,321.54,319.4
1964,7,23573,1964.5383,      NaN,      NaN,319.92,319.45,319.92,319.45
1964,8,23604,1964.623,      NaN,      NaN,317.87,319.51,317.87,319.51
1964,9,23635,1964.7077,      NaN,      NaN,316.4,319.56,316.4,319.56
1964,10,23665,1964.7896,      NaN,      NaN,316.58,319.61,316.58,319.61
1964,11,23696,1964.8743,      NaN,      NaN,317.9,319.67,317.9,319.67
1964,12,23726,1964.9563,319.05,319.71,319.07,319.73,319.05,319.71
1965,1,23757,1965.0411,319.93,319.84,319.88,319.79,319.93,319.84
1965,2,23788,1965.126,      NaN,      NaN,320.53,319.86,320.53,319.86
1965,3,23816,1965.2027,      NaN,      NaN,321.33,319.92,321.33,319.92
1965,4,23847,1965.2877,322.63,320.1,322.52,319.99,322.63,320.1
1965,5,23877,1965.3699,      NaN,      NaN,323.06,320.06,323.06,320.06
1965,6,23908,1965.4548,      NaN,      NaN,322.3,320.14,322.3,320.14
1965,7,23938,1965.537,319.25,318.76,320.71,320.22,319.25,318.76
1965,8,23969,1965.6219,      NaN,      NaN,318.69,320.3,318.69,320.3
1965,9,24000,1965.7068,      NaN,      NaN,317.23,320.39,317.23,320.39
1965,10,24030,1965.789,      NaN,      NaN,317.43,320.48,317.43,320.48
1965,11,24061,1965.874,      NaN,      NaN,318.79,320.57,318.79,320.57
1965,12,24091,1965.9562,      NaN,      NaN,320,320.67,320,320.67
1966,1,24122,1966.0411,320.51,320.42,320.85,320.76,320.51,320.42
1966,2,24153,1966.126,321.91,321.24,321.54,320.86,321.91,321.24
1966,3,24181,1966.2027,      NaN,      NaN,322.36,320.95,322.36,320.95
1966,4,24212,1966.2877,324.44,321.9,323.59,321.05,324.44,321.9
1966,5,24242,1966.3699,      NaN,      NaN,324.15,321.14,324.15,321.14
1966,6,24273,1966.4548,      NaN,      NaN,323.41,321.24,323.41,321.24
1966,7,24303,1966.537,      NaN,      NaN,321.82,321.33,321.82,321.33
1966,8,24334,1966.6219,      NaN,      NaN,319.8,321.42,319.8,321.42
1966,9,24365,1966.7068,      NaN,      NaN,318.34,321.51,318.34,321.51
1966,10,24395,1966.789,319.35,322.41,318.54,321.6,319.35,322.41
1966,11,24426,1966.874,319.8,321.59,319.89,321.68,319.8,321.59
1966,12,24456,1966.9562,321.17,321.83,321.09,321.76,321.17,321.83
1967,1,24487,1967.0411,      NaN,      NaN,321.93,321.84,321.93,321.84
1967,2,24518,1967.126,      NaN,      NaN,322.6,321.92,322.6,321.92
1967,3,24546,1967.2027,      NaN,      NaN,323.41,321.99,323.41,321.99
1967,4,24577,1967.2877,      NaN,      NaN,324.62,322.07,324.62,322.07
1967,5,24607,1967.3699,      NaN,      NaN,325.16,322.14,325.16,322.14
1967,6,24638,1967.4548,324.82,322.64,324.4,322.22,324.82,322.64
1967,7,24668,1967.537,322.73,322.23,322.79,322.29,322.73,322.23
1967,8,24699,1967.6219,      NaN,      NaN,320.74,322.37,320.74,322.37
1967,9,24730,1967.7068,      NaN,      NaN,319.26,322.44,319.26,322.44
1967,10,24760,1967.789,      NaN,      NaN,319.45,322.52,319.45,322.52
1967,11,24791,1967.874,      NaN,      NaN,320.79,322.59,320.79,322.59
1967,12,24821,1967.9562,      NaN,      NaN,322,322.67,322,322.67
1968,1,24852,1968.041,      NaN,      NaN,322.84,322.75,322.84,322.75
1968,2,24883,1968.1257,      NaN,      NaN,323.51,322.84,323.51,322.84
1968,3,24912,1968.2049,323.31,321.85,324.37,322.92,323.31,321.85
1968,4,24943,1968.2896,      NaN,      NaN,325.59,323.01,325.59,323.01
1968,5,24973,1968.3716,326.23,323.2,326.12,323.1,326.23,323.2
1968,6,25004,1968.4563,      NaN,      NaN,325.36,323.2,325.36,323.2
1968,7,25034,1968.5383,323.56,323.1,323.76,323.29,323.56,323.1
1968,8,25065,1968.623,322.54,324.2,321.74,323.4,322.54,324.2
1968,9,25096,1968.7077,      NaN,      NaN,320.3,323.5,320.3,323.5
1968,10,25126,1968.7896,319.41,322.49,320.53,323.61,319.41,322.49
1968,11,25157,1968.8743,321,322.8,321.92,323.72,321,322.8
1968,12,25187,1968.9563,323.08,323.76,323.16,323.83,323.08,323.76
1969,1,25218,1969.0411,324.3,324.21,324.04,323.95,324.3,324.21
1969,2,25249,1969.126,324.17,323.49,324.74,324.06,324.17,323.49
1969,3,25277,1969.2027,      NaN,      NaN,325.6,324.17,325.6,324.17
1969,4,25308,1969.2877,326.56,324,326.85,324.28,326.56,324
1969,5,25338,1969.3699,328.14,325.1,327.43,324.39,328.14,325.1
1969,6,25369,1969.4548,326.71,324.52,326.69,324.5,326.71,324.52
1969,7,25399,1969.537,      NaN,      NaN,325.1,324.6,325.1,324.6
1969,8,25430,1969.6219,323.69,325.33,323.06,324.7,323.69,325.33
1969,9,25461,1969.7068,322.28,325.48,321.58,324.79,322.28,325.48
1969,10,25491,1969.789,321.02,324.11,321.78,324.88,321.02,324.11
1969,11,25522,1969.874,323.39,325.2,323.15,324.96,323.39,325.2
1969,12,25552,1969.9562,323.54,324.22,324.36,325.04,323.54,324.22
1970,1,25583,1970.0411,325.25,325.16,325.2,325.11,325.25,325.16
1970,2,25614,1970.126,      NaN,      NaN,325.87,325.18,325.87,325.18
1970,3,25642,1970.2027,326.82,325.38,326.68,325.24,326.82,325.38
1970,4,25673,1970.2877,328.25,325.67,327.88,325.31,328.25,325.67
1970,5,25703,1970.3699,328.33,325.28,328.42,325.37,328.33,325.28
1970,6,25734,1970.4548,      NaN,      NaN,327.63,325.43,327.63,325.43
1970,7,25764,1970.537,325.95,325.45,325.99,325.49,325.95,325.45
1970,8,25795,1970.6219,323.36,325.01,323.9,325.54,323.36,325.01
1970,9,25826,1970.7068,323.72,326.94,322.38,325.6,323.72,326.94
1970,10,25856,1970.789,323.11,326.21,322.55,325.66,323.11,326.21
1970,11,25887,1970.874,324.32,326.14,323.89,325.71,324.32,326.14
1970,12,25917,1970.9562,      NaN,      NaN,325.09,325.77,325.09,325.77
1971,1,25948,1971.0411,326.06,325.97,325.92,325.83,326.06,325.97
1971,2,25979,1971.126,326.89,326.21,326.58,325.89,326.89,326.21
1971,3,26007,1971.2027,327.04,325.6,327.4,325.96,327.04,325.6
1971,4,26038,1971.2877,327.21,324.63,328.62,326.04,327.21,324.63
1971,5,26068,1971.3699,328.54,325.48,329.18,326.12,328.54,325.48
1971,6,26099,1971.4548,      NaN,      NaN,328.42,326.21,328.42,326.21
1971,7,26129,1971.537,326.87,326.36,326.81,326.31,326.87,326.36
1971,8,26160,1971.6219,325.61,327.26,324.76,326.41,325.61,327.26
1971,9,26191,1971.7068,323.52,326.74,323.3,326.52,323.52,326.74
1971,10,26221,1971.789,      NaN,      NaN,323.52,326.63,323.52,326.63
1971,11,26252,1971.874,      NaN,      NaN,324.93,326.76,324.93,326.76
1971,12,26282,1971.9562,326.01,326.69,326.2,326.88,326.01,326.69
1972,1,26313,1972.041,326.78,326.69,327.1,327.01,326.78,326.69
1972,2,26344,1972.1257,328.18,327.49,327.82,327.14,328.18,327.49
1972,3,26373,1972.2049,328.56,327.09,328.74,327.27,328.56,327.09
1972,4,26404,1972.2896,329.89,327.27,330.02,327.41,329.89,327.27
1972,5,26434,1972.3716,330.48,327.41,330.61,327.54,330.48,327.41
1972,6,26465,1972.4563,329.34,327.15,329.88,327.69,329.34,327.15
1972,7,26495,1972.5383,328.72,328.24,328.3,327.83,328.72,328.24
1972,8,26526,1972.623,326.86,328.54,326.29,327.97,326.86,328.54
1972,9,26557,1972.7077,324.72,327.96,324.87,328.11,324.72,327.96
1972,10,26587,1972.7896,325.16,328.27,325.13,328.25,325.16,328.27
1972,11,26618,1972.8743,326.72,328.54,326.57,328.39,326.72,328.54
1972,12,26648,1972.9563,327.81,328.49,327.84,328.53,327.81,328.49
1973,1,26679,1973.0411,328.67,328.58,328.75,328.66,328.67,328.58
1973,2,26710,1973.126,329.18,328.49,329.48,328.79,329.18,328.49
1973,3,26738,1973.2027,330.11,328.67,330.35,328.91,330.11,328.67
1973,4,26769,1973.2877,331.36,328.76,331.63,329.03,331.36,328.76
1973,5,26799,1973.3699,332.65,329.57,332.22,329.14,332.65,329.57
1973,6,26830,1973.4548,332,329.77,331.47,329.25,332,329.77
1973,7,26860,1973.537,330.38,329.87,329.85,329.34,330.38,329.87
1973,8,26891,1973.6219,328.96,330.62,327.77,329.44,328.96,330.62
1973,9,26922,1973.7068,      NaN,      NaN,326.27,329.52,326.27,329.52
1973,10,26952,1973.789,327.23,330.36,326.46,329.59,327.23,330.36
1973,11,26983,1973.874,328.46,330.29,327.83,329.66,328.46,330.29
1973,12,27013,1973.9562,329.22,329.91,329.04,329.73,329.22,329.91
1974,1,27044,1974.0411,329.96,329.87,329.88,329.79,329.96,329.87
1974,2,27075,1974.126,329.5,328.8,330.54,329.85,329.5,328.8
1974,3,27103,1974.2027,329.81,328.35,331.36,329.91,329.81,328.35
1974,4,27134,1974.2877,332.47,329.86,332.58,329.97,332.47,329.86
1974,5,27164,1974.3699,332.66,329.57,333.13,330.04,332.66,329.57
1974,6,27195,1974.4548,331.52,329.29,332.34,330.11,331.52,329.29
1974,7,27225,1974.537,331.02,330.51,330.69,330.18,331.02,330.51
1974,8,27256,1974.6219,328.99,330.66,328.59,330.26,328.99,330.66
1974,9,27287,1974.7068,326.75,330.01,327.08,330.34,326.75,330.01
1974,10,27317,1974.789,327.82,330.97,327.27,330.42,327.82,330.97
1974,11,27348,1974.874,328.84,330.69,328.65,330.5,328.84,330.69
1974,12,27378,1974.9562,330.43,331.12,329.89,330.57,330.43,331.12
1975,1,27409,1975.0411,      NaN,      NaN,330.75,330.65,330.75,330.65
1975,2,27440,1975.126,331.1,330.4,331.43,330.74,331.1,330.4
1975,3,27468,1975.2027,332.12,330.66,332.27,330.81,332.12,330.66
1975,4,27499,1975.2877,333.27,330.66,333.51,330.89,333.27,330.66
1975,5,27529,1975.3699,334.28,331.17,334.08,330.97,334.28,331.17
1975,6,27560,1975.4548,332.51,330.27,333.3,331.06,332.51,330.27
1975,7,27590,1975.537,331.87,331.36,331.65,331.14,331.87,331.36
1975,8,27621,1975.6219,329.94,331.62,329.55,331.22,329.94,331.62
1975,9,27652,1975.7068,329.17,332.44,328.03,331.31,329.17,332.44
1975,10,27682,1975.789,328.36,331.52,328.23,331.39,328.36,331.52
1975,11,27713,1975.874,329.04,330.89,329.62,331.47,329.04,330.89
1975,12,27743,1975.9562,330.75,331.44,330.86,331.55,330.75,331.44
1976,1,27774,1976.041,331.24,331.15,331.73,331.63,331.24,331.15
1976,2,27805,1976.1257,332.79,332.1,332.42,331.72,332.79,332.1
1976,3,27834,1976.2049,334.27,332.78,333.29,331.8,334.27,332.78
1976,4,27865,1976.2896,334.73,332.07,334.54,331.89,334.73,332.07
1976,5,27895,1976.3716,334.65,331.54,335.09,331.98,334.65,331.54
1976,6,27926,1976.4563,334.72,332.49,334.3,332.08,334.72,332.49
1976,7,27956,1976.5383,332.37,331.88,332.65,332.17,332.37,331.88
1976,8,27987,1976.623,330.62,332.32,330.58,332.28,330.62,332.32
1976,9,28018,1976.7077,328.78,332.08,329.1,332.39,328.78,332.08
1976,10,28048,1976.7896,328.52,331.68,329.35,332.51,328.52,331.68
1976,11,28079,1976.8743,330.74,332.59,330.78,332.63,330.74,332.59
1976,12,28109,1976.9563,332.2,332.89,332.07,332.76,332.2,332.89
1977,1,28140,1977.0411,333.13,333.03,333,332.9,333.13,333.03
1977,2,28171,1977.126,333.1,332.4,333.75,333.05,333.1,332.4
1977,3,28199,1977.2027,334.33,332.86,334.66,333.19,334.33,332.86
1977,4,28230,1977.2877,336.2,333.57,335.98,333.35,336.2,333.57
1977,5,28260,1977.3699,336.72,333.6,336.63,333.5,336.72,333.6
1977,6,28291,1977.4548,336.47,334.21,335.92,333.67,336.47,334.21
1977,7,28321,1977.537,334.93,334.41,334.34,333.83,334.93,334.41
1977,8,28352,1977.6219,331.66,333.34,332.31,334,331.66,333.34
1977,9,28383,1977.7068,330.79,334.08,330.87,334.16,330.79,334.08
1977,10,28413,1977.789,330.39,333.57,331.15,334.32,330.39,333.57
1977,11,28444,1977.874,332.58,334.44,332.63,334.49,332.58,334.44
1977,12,28474,1977.9562,334.14,334.83,333.95,334.65,334.14,334.83
1978,1,28505,1978.0411,335.38,335.29,334.9,334.8,335.38,335.29
1978,2,28536,1978.126,336.14,335.44,335.66,334.96,336.14,335.44
1978,3,28564,1978.2027,337.06,335.58,336.57,335.09,337.06,335.58
1978,4,28595,1978.2877,      NaN,      NaN,337.88,335.24,337.88,335.24
1978,5,28625,1978.3699,      NaN,      NaN,338.51,335.37,338.51,335.37
1978,6,28656,1978.4548,337.75,335.49,337.77,335.51,337.75,335.49
1978,7,28686,1978.537,336.64,336.13,336.15,335.63,336.64,336.13
1978,8,28717,1978.6219,      NaN,      NaN,334.07,335.76,334.07,335.76
1978,9,28748,1978.7068,332.8,336.11,332.58,335.89,332.8,336.11
1978,10,28778,1978.789,      NaN,      NaN,332.82,336.01,332.82,336.01
1978,11,28809,1978.874,334.31,336.18,334.26,336.13,334.31,336.18
1978,12,28839,1978.9562,335.06,335.75,335.55,336.25,335.06,335.75
1979,1,28870,1979.0411,336.43,336.33,336.46,336.37,336.43,336.33
1979,2,28901,1979.126,336.94,336.24,337.2,336.5,336.94,336.24
1979,3,28929,1979.2027,338.43,336.95,338.09,336.61,338.43,336.95
1979,4,28960,1979.2877,338.46,335.8,339.4,336.74,338.46,335.8
1979,5,28990,1979.3699,339.45,336.31,340.02,336.87,339.45,336.31
1979,6,29021,1979.4548,339.01,336.74,339.28,337.01,339.01,336.74
1979,7,29051,1979.537,338.2,337.68,337.67,337.15,338.2,337.68
1979,8,29082,1979.6219,336.2,337.9,335.6,337.29,336.2,337.9
1979,9,29113,1979.7068,333.59,336.9,334.12,337.44,333.59,336.9
1979,10,29143,1979.789,333.94,337.13,334.38,337.58,333.94,337.13
1979,11,29174,1979.874,335.65,337.53,335.86,337.73,335.65,337.53
1979,12,29204,1979.9562,337.24,337.94,337.18,337.88,337.24,337.94
1980,1,29235,1980.041,      NaN,      NaN,338.12,338.02,338.12,338.02
1980,2,29266,1980.1257,339.32,338.61,338.88,338.17,339.32,338.61
1980,3,29295,1980.2049,340.33,338.82,339.82,338.31,340.33,338.82
1980,4,29326,1980.2896,340.38,337.69,341.14,338.46,340.38,337.69
1980,5,29356,1980.3716,341.73,338.57,341.75,338.6,341.73,338.57
1980,6,29387,1980.4563,341.01,338.76,340.99,338.74,341.01,338.76
1980,7,29417,1980.5383,338.51,338.03,339.36,338.87,338.51,338.03
1980,8,29448,1980.623,337.54,339.27,337.28,339.01,337.54,339.27
1980,9,29479,1980.7077,335.67,339.01,335.8,339.14,335.67,339.01
1980,10,29509,1980.7896,336.3,339.51,336.06,339.26,336.3,339.51
1980,11,29540,1980.8743,337.38,339.25,337.51,339.39,337.38,339.25
1980,12,29570,1980.9563,      NaN,      NaN,338.8,339.5,338.8,339.5
1981,1,29601,1981.0411,339.73,339.63,339.71,339.62,339.73,339.63
1981,2,29632,1981.126,340.58,339.87,340.44,339.73,340.58,339.87
1981,3,29660,1981.2027,341.31,339.82,341.31,339.83,341.31,339.82
1981,4,29691,1981.2877,343.22,340.55,342.6,339.93,343.22,340.55
1981,5,29721,1981.3699,343.17,340.01,343.19,340.02,343.17,340.01
1981,6,29752,1981.4548,342.31,340.03,342.4,340.11,342.31,340.03
1981,7,29782,1981.537,      NaN,      NaN,340.72,340.2,340.72,340.2
1981,8,29813,1981.6219,338.6,340.31,338.57,340.28,338.6,340.31
1981,9,29844,1981.7068,336.93,340.27,337.02,340.36,336.93,340.27
1981,10,29874,1981.789,336.98,340.2,337.22,340.44,336.98,340.2
1981,11,29905,1981.874,338.32,340.21,338.63,340.52,338.32,340.21
1981,12,29935,1981.9562,340.09,340.79,339.89,340.59,340.09,340.79
1982,1,29966,1982.0411,340.7,340.61,340.76,340.66,340.7,340.61
1982,2,29997,1982.126,341.65,340.94,341.45,340.73,341.65,340.94
1982,3,30025,1982.2027,343.25,341.76,342.29,340.8,343.25,341.76
1982,4,30056,1982.2877,344.09,341.41,343.54,340.86,344.09,341.41
1982,5,30086,1982.3699,343.63,340.46,344.1,340.92,343.63,340.46
1982,6,30117,1982.4548,342.58,340.29,343.28,340.99,342.58,340.29
1982,7,30147,1982.537,342.21,341.69,341.58,341.06,342.21,341.69
1982,8,30178,1982.6219,338.99,340.71,339.43,341.14,338.99,340.71
1982,9,30209,1982.7068,337.65,341,337.89,341.24,337.65,341
1982,10,30239,1982.789,337.92,341.15,338.11,341.34,337.92,341.15
1982,11,30270,1982.874,339.12,341.01,339.56,341.45,339.12,341.01
1982,12,30300,1982.9562,340.35,341.06,340.87,341.58,340.35,341.06
1983,1,30331,1983.0411,341.84,341.75,341.82,341.72,341.84,341.75
1983,2,30362,1983.126,342.43,341.72,342.59,341.88,342.43,341.72
1983,3,30390,1983.2027,342.72,341.23,343.52,342.02,342.72,341.23
1983,4,30421,1983.2877,345.44,342.75,344.88,342.19,345.44,342.75
1983,5,30451,1983.3699,345.98,342.79,345.55,342.36,345.98,342.79
1983,6,30482,1983.4548,345.3,343,344.84,342.54,345.3,343
1983,7,30512,1983.537,343.13,342.61,343.24,342.71,343.13,342.61
1983,8,30543,1983.6219,341.48,343.2,341.17,342.89,341.48,343.2
1983,9,30574,1983.7068,339.83,343.19,339.7,343.06,339.83,343.19
1983,10,30604,1983.789,340.08,343.32,339.98,343.22,340.08,343.32
1983,11,30635,1983.874,340.92,342.82,341.48,343.38,340.92,342.82
1983,12,30665,1983.9562,343.16,343.87,342.83,343.54,343.16,343.87
1984,1,30696,1984.041,343.97,343.88,343.78,343.69,343.97,343.88
1984,2,30727,1984.1257,344.66,343.95,344.55,343.84,344.66,343.95
1984,3,30756,1984.2049,345.49,343.96,345.5,343.96,345.49,343.96
1984,4,30787,1984.2896,347.31,344.58,346.82,344.09,347.31,344.58
1984,5,30817,1984.3716,347.34,344.14,347.41,344.21,347.34,344.14
1984,6,30848,1984.4563,346.83,344.55,346.61,344.33,346.83,344.55
1984,7,30878,1984.5383,345.04,344.54,344.93,344.44,345.04,344.54
1984,8,30909,1984.623,342.67,344.42,342.8,344.55,342.67,344.42
1984,9,30940,1984.7077,340.73,344.11,341.27,344.65,340.73,344.11
1984,10,30970,1984.7896,341.59,344.84,341.5,344.75,341.59,344.84
1984,11,31001,1984.8743,343,344.9,342.95,344.85,343,344.9
1984,12,31031,1984.9563,343.87,344.58,344.24,344.95,343.87,344.58
1985,1,31062,1985.0411,344.63,344.54,345.15,345.06,344.63,344.54
1985,2,31093,1985.126,345.67,344.95,345.88,345.16,345.67,344.95
1985,3,31121,1985.2027,347.33,345.82,346.76,345.26,347.33,345.82
1985,4,31152,1985.2877,347.9,345.19,348.07,345.36,347.9,345.19
1985,5,31182,1985.3699,348.81,345.6,348.67,345.46,348.81,345.6
1985,6,31213,1985.4548,348.18,345.86,347.88,345.56,348.18,345.86
1985,7,31243,1985.537,346.41,345.88,346.18,345.66,346.41,345.88
1985,8,31274,1985.6219,343.73,345.46,344.02,345.75,343.73,345.46
1985,9,31305,1985.7068,343.1,346.48,342.47,345.85,343.1,346.48
1985,10,31335,1985.789,342.83,346.09,342.68,345.94,342.83,346.09
1985,11,31366,1985.874,343.99,345.9,344.13,346.04,343.99,345.9
1985,12,31396,1985.9562,345.03,345.74,345.43,346.14,345.03,345.74
1986,1,31427,1986.0411,346.07,345.97,346.34,346.24,346.07,345.97
1986,2,31458,1986.126,346.87,346.15,347.08,346.36,346.87,346.15
1986,3,31486,1986.2027,347.96,346.44,347.97,346.46,347.96,346.44
1986,4,31517,1986.2877,349.45,346.73,349.3,346.58,349.45,346.73
1986,5,31547,1986.3699,350.14,346.92,349.92,346.7,350.14,346.92
1986,6,31578,1986.4548,349.29,346.96,349.16,346.83,349.29,346.96
1986,7,31608,1986.537,347.66,347.13,347.49,346.96,347.66,347.13
1986,8,31639,1986.6219,345.32,347.06,345.36,347.1,345.32,347.06
1986,9,31670,1986.7068,344.34,347.73,343.84,347.24,344.34,347.73
1986,10,31700,1986.789,344.08,347.35,344.11,347.38,344.08,347.35
1986,11,31731,1986.874,345.44,347.36,345.62,347.54,345.44,347.36
1986,12,31761,1986.9562,346.55,347.26,346.98,347.69,346.55,347.26
1987,1,31792,1987.0411,347.54,347.45,347.96,347.87,347.54,347.45
1987,2,31823,1987.126,348.55,347.82,348.78,348.05,348.55,347.82
1987,3,31851,1987.2027,349.49,347.97,349.75,348.23,349.49,347.97
1987,4,31882,1987.2877,350.98,348.26,351.17,348.44,350.98,348.26
1987,5,31912,1987.3699,351.64,348.41,351.88,348.65,351.64,348.41
1987,6,31943,1987.4548,351.47,349.13,351.2,348.87,351.47,349.13
1987,7,31973,1987.537,349.89,349.36,349.62,349.09,349.89,349.36
1987,8,32004,1987.6219,347.21,348.95,347.58,349.32,347.21,348.95
1987,9,32035,1987.7068,346.57,349.97,346.14,349.55,346.57,349.97
1987,10,32065,1987.789,346.6,349.88,346.48,349.76,346.6,349.88
1987,11,32096,1987.874,348.18,350.1,348.06,349.99,348.18,350.1
1987,12,32126,1987.9562,349.29,350.01,349.48,350.2,349.29,350.01
1988,1,32157,1988.041,350.23,350.14,350.51,350.41,350.23,350.14
1988,2,32188,1988.1257,351.65,350.93,351.34,350.62,351.65,350.93
1988,3,32217,1988.2049,352.41,350.86,352.36,350.81,352.41,350.86
1988,4,32248,1988.2896,353.94,351.18,353.76,351,353.94,351.18
1988,5,32278,1988.3716,354.27,351.04,354.42,351.18,354.27,351.04
1988,6,32309,1988.4563,353.65,351.33,353.67,351.36,353.65,351.33
1988,7,32339,1988.5383,352.32,351.82,352.02,351.52,352.32,351.82
1988,8,32370,1988.623,350.28,352.05,349.9,351.67,350.28,352.05
1988,9,32401,1988.7077,348.78,352.2,348.39,351.81,348.78,352.2
1988,10,32431,1988.7896,348.9,352.19,348.65,351.94,348.9,352.19
1988,11,32462,1988.8743,349.74,351.67,350.14,352.07,349.74,351.67
1988,12,32492,1988.9563,351.32,352.04,351.47,352.18,351.32,352.04
1989,1,32523,1989.0411,352.42,352.32,352.4,352.3,352.42,352.32
1989,2,32554,1989.126,353.13,352.4,353.14,352.41,353.13,352.4
1989,3,32582,1989.2027,353.57,352.05,354.04,352.51,353.57,352.05
1989,4,32613,1989.2877,355.58,352.84,355.36,352.62,355.58,352.84
1989,5,32643,1989.3699,355.83,352.58,355.97,352.72,355.83,352.58
1989,6,32674,1989.4548,355.54,353.19,355.17,352.82,355.54,353.19
1989,7,32704,1989.537,353.96,353.42,353.46,352.92,353.96,353.42
1989,8,32735,1989.6219,351.05,352.8,351.27,353.03,351.05,352.8
1989,9,32766,1989.7068,349.27,352.69,349.7,353.13,349.27,352.69
1989,10,32796,1989.789,349.45,352.75,349.93,353.24,349.45,352.75
1989,11,32827,1989.874,351.12,353.06,351.42,353.35,351.12,353.06
1989,12,32857,1989.9562,352.14,352.87,352.75,353.47,352.14,352.87
1990,1,32888,1990.0411,353.66,353.56,353.69,353.59,353.66,353.56
1990,2,32919,1990.126,355.1,354.37,354.45,353.72,355.1,354.37
1990,3,32947,1990.2027,355.62,354.09,355.36,353.83,355.62,354.09
1990,4,32978,1990.2877,356.68,353.92,356.71,353.95,356.68,353.92
1990,5,33008,1990.3699,357.53,354.27,357.34,354.07,357.53,354.27
1990,6,33039,1990.4548,356.5,354.14,356.55,354.2,356.5,354.14
1990,7,33069,1990.537,355.18,354.65,354.85,354.32,355.18,354.65
1990,8,33100,1990.6219,352.48,354.24,352.68,354.44,352.48,354.24
1990,9,33131,1990.7068,351.01,354.45,351.12,354.56,351.01,354.45
1990,10,33161,1990.789,351.12,354.44,351.37,354.68,351.12,354.44
1990,11,33192,1990.874,352.77,354.71,352.86,354.8,352.77,354.71
1990,12,33222,1990.9562,354.62,355.35,354.2,354.92,354.62,355.35
1991,1,33253,1991.0411,354.56,354.47,355.13,355.04,354.56,354.47
1991,2,33284,1991.126,355.98,355.25,355.88,355.15,355.98,355.25
1991,3,33312,1991.2027,357.35,355.82,356.78,355.25,357.35,355.82
1991,4,33343,1991.2877,358.39,355.63,358.11,355.35,358.39,355.63
1991,5,33373,1991.3699,359.08,355.81,358.71,355.44,359.08,355.81
1991,6,33404,1991.4548,358.2,355.84,357.88,355.52,358.2,355.84
1991,7,33434,1991.537,355.44,354.9,356.14,355.6,355.44,354.9
1991,8,33465,1991.6219,354.03,355.79,353.91,355.67,354.03,355.79
1991,9,33496,1991.7068,351.89,355.34,352.3,355.75,351.89,355.34
1991,10,33526,1991.789,352.14,355.47,352.49,355.82,352.14,355.47
1991,11,33557,1991.874,353.83,355.78,353.94,355.89,353.83,355.78
1991,12,33587,1991.9562,355.18,355.91,355.23,355.95,355.18,355.91
1992,1,33618,1992.041,356.38,356.28,356.12,356.02,356.38,356.28
1992,2,33649,1992.1257,356.78,356.05,356.82,356.09,356.78,356.05
1992,3,33678,1992.2049,357.88,356.31,357.71,356.14,357.88,356.31
1992,4,33709,1992.2896,359.12,356.32,358.99,356.2,359.12,356.32
1992,5,33739,1992.3716,359.56,356.28,359.52,356.25,359.56,356.28
1992,6,33770,1992.4563,359.37,357.03,358.64,356.29,359.37,357.03
1992,7,33800,1992.5383,356.35,355.84,356.84,356.34,356.35,355.84
1992,8,33831,1992.623,354.6,356.39,354.58,356.38,354.6,356.39
1992,9,33862,1992.7077,353.42,356.89,352.95,356.42,353.42,356.89
1992,10,33892,1992.7896,353.03,356.37,353.13,356.46,353.03,356.37
1992,11,33923,1992.8743,354.64,356.59,354.56,356.51,354.64,356.59
1992,12,33953,1992.9563,355.75,356.48,355.83,356.55,355.75,356.48
1993,1,33984,1993.0411,356.72,356.62,356.7,356.61,356.72,356.62
1993,2,34015,1993.126,356.96,356.22,357.4,356.67,356.96,356.22
1993,3,34043,1993.2027,358.37,356.82,358.27,356.73,358.37,356.82
1993,4,34074,1993.2877,359.12,356.34,359.58,356.8,359.12,356.34
1993,5,34104,1993.3699,360.55,357.26,360.17,356.88,360.55,357.26
1993,6,34135,1993.4548,359.58,357.2,359.35,356.97,359.58,357.2
1993,7,34165,1993.537,357.32,356.78,357.6,357.06,357.32,356.78
1993,8,34196,1993.6219,355.59,357.37,355.39,357.17,355.59,357.37
1993,9,34227,1993.7068,353.36,356.84,353.81,357.28,353.36,356.84
1993,10,34257,1993.789,353.78,357.13,354.05,357.4,353.78,357.13
1993,11,34288,1993.874,355.5,357.47,355.56,357.53,355.5,357.47
1993,12,34318,1993.9562,356.84,357.57,356.93,357.66,356.84,357.57
1994,1,34349,1994.0411,358.46,358.36,357.9,357.8,358.46,358.36
1994,2,34380,1994.126,359.06,358.32,358.69,357.95,359.06,358.32
1994,3,34408,1994.2027,359.57,358.02,359.63,358.08,359.57,358.02
1994,4,34439,1994.2877,361.19,358.4,361.02,358.23,361.19,358.4
1994,5,34469,1994.3699,361.61,358.3,361.69,358.38,361.61,358.3
1994,6,34500,1994.4548,360.99,358.6,360.93,358.54,360.99,358.6
1994,7,34530,1994.537,358.86,358.31,359.25,358.7,358.86,358.31
1994,8,34561,1994.6219,357.13,358.91,357.09,358.88,357.13,358.91
1994,9,34592,1994.7068,355.02,358.51,355.57,359.05,355.02,358.51
1994,10,34622,1994.789,355.74,359.1,355.87,359.23,355.74,359.1
1994,11,34653,1994.874,357.29,359.26,357.44,359.41,357.29,359.26
1994,12,34683,1994.9562,359.53,360.26,358.86,359.59,359.53,360.26
1995,1,34714,1995.0411,360.09,359.99,359.88,359.78,360.09,359.99
1995,2,34745,1995.126,360.75,360.01,360.71,359.97,360.75,360.01
1995,3,34773,1995.2027,361.94,360.38,361.69,360.13,361.94,360.38
1995,4,34804,1995.2877,363.08,360.28,363.11,360.31,363.08,360.28
1995,5,34834,1995.3699,363.59,360.27,363.79,360.48,363.59,360.27
1995,6,34865,1995.4548,363.49,361.1,363.04,360.65,363.49,361.1
1995,7,34895,1995.537,361.64,361.1,361.36,360.82,361.64,361.1
1995,8,34926,1995.6219,358.48,360.27,359.19,360.98,358.48,360.27
1995,9,34957,1995.7068,357.99,361.48,357.65,361.14,357.99,361.48
1995,10,34987,1995.789,357.56,360.94,357.93,361.3,357.56,360.94
1995,11,35018,1995.874,359.38,361.36,359.48,361.45,359.38,361.36
1995,12,35048,1995.9562,360.56,361.3,360.87,361.6,360.56,361.3
1996,1,35079,1996.041,362.16,362.07,361.85,361.75,362.16,362.07
1996,2,35110,1996.1257,362.89,362.15,362.64,361.89,362.89,362.15
1996,3,35139,1996.2049,363.92,362.33,363.61,362.02,363.92,362.33
1996,4,35170,1996.2896,364.66,361.83,364.98,362.15,364.66,361.83
1996,5,35200,1996.3716,365.24,361.92,365.59,362.27,365.24,361.92
1996,6,35231,1996.4563,365.28,362.91,364.76,362.39,365.28,362.91
1996,7,35261,1996.5383,363.79,363.27,363.01,362.49,363.79,363.27
1996,8,35292,1996.623,361.2,363.02,360.78,362.6,361.2,363.02
1996,9,35323,1996.7077,358.85,362.36,359.18,362.69,358.85,362.36
1996,10,35353,1996.7896,359.42,362.79,359.41,362.78,359.42,362.79
1996,11,35384,1996.8743,360.93,362.91,360.9,362.88,360.93,362.91
1996,12,35414,1996.9563,362.12,362.86,362.23,362.97,362.12,362.86
1997,1,35445,1997.0411,363.04,362.94,363.16,363.06,363.04,362.94
1997,2,35476,1997.126,364.23,363.48,363.91,363.17,364.23,363.48
1997,3,35504,1997.2027,364.78,363.21,364.83,363.27,364.78,363.21
1997,4,35535,1997.2877,366.22,363.41,366.2,363.39,366.22,363.41
1997,5,35565,1997.3699,366.67,363.33,366.85,363.51,366.67,363.33
1997,6,35596,1997.4548,365.55,363.15,366.07,363.66,365.55,363.15
1997,7,35626,1997.537,364,363.45,364.36,363.81,364,363.45
1997,8,35657,1997.6219,362.3,364.1,362.19,363.99,362.3,364.1
1997,9,35688,1997.7068,360.11,363.63,360.66,364.18,360.11,363.63
1997,10,35718,1997.789,360.55,363.95,360.99,364.38,360.55,363.95
1997,11,35749,1997.874,362.52,364.51,362.61,364.6,362.52,364.51
1997,12,35779,1997.9562,363.99,364.73,364.08,364.82,363.99,364.73
1998,1,35810,1998.0411,365.06,364.96,365.17,365.07,365.06,364.96
1998,2,35841,1998.126,365.77,365.02,366.07,365.32,365.77,365.02
1998,3,35869,1998.2027,367.09,365.51,367.13,365.55,367.09,365.51
1998,4,35900,1998.2877,368.43,365.61,368.64,365.82,368.43,365.61
1998,5,35930,1998.3699,369.26,365.91,369.41,366.07,369.26,365.91
1998,6,35961,1998.4548,368.82,366.4,368.74,366.32,368.82,366.4
1998,7,35991,1998.537,367.55,367,367.11,366.56,367.55,367
1998,8,36022,1998.6219,365.3,367.1,364.99,366.8,365.3,367.1
1998,9,36053,1998.7068,364.18,367.71,363.49,367.02,364.18,367.71
1998,10,36083,1998.789,364.09,367.49,363.81,367.21,364.09,367.49
1998,11,36114,1998.874,365.66,367.66,365.4,367.4,365.66,367.66
1998,12,36144,1998.9562,367.52,368.27,366.82,367.56,367.52,368.27
1999,1,36175,1999.0411,367.95,367.85,367.81,367.71,367.95,367.85
1999,2,36206,1999.126,368.41,367.66,368.6,367.85,368.41,367.66
1999,3,36234,1999.2027,369.33,367.76,369.54,367.96,369.33,367.76
1999,4,36265,1999.2877,371.1,368.27,370.91,368.07,371.1,368.27
1999,5,36295,1999.3699,370.86,367.5,371.54,368.18,370.86,367.5
1999,6,36326,1999.4548,370.5,368.08,370.71,368.29,370.5,368.08
1999,7,36356,1999.537,369.18,368.63,368.94,368.39,369.18,368.63
1999,8,36387,1999.6219,366.67,368.48,366.69,368.5,366.67,368.48
1999,9,36418,1999.7068,364.67,368.21,365.06,368.6,364.67,368.21
1999,10,36448,1999.789,365.12,368.54,365.29,368.7,365.12,368.54
1999,11,36479,1999.874,366.72,368.72,366.81,368.81,366.72,368.72
1999,12,36509,1999.9562,368.38,369.13,368.17,368.91,368.38,369.13
2000,1,36540,2000.041,369.67,369.58,369.12,369.02,369.67,369.58
2000,2,36571,2000.1257,370.03,369.28,369.89,369.14,370.03,369.28
2000,3,36600,2000.2049,370.7,369.09,370.86,369.24,370.7,369.09
2000,4,36631,2000.2896,372.09,369.23,372.23,369.36,372.09,369.23
2000,5,36661,2000.3716,371.64,368.27,372.85,369.49,371.64,368.27
2000,6,36692,2000.4563,371.58,369.17,372.02,369.62,371.58,369.17
2000,7,36722,2000.5383,370.06,369.54,370.28,369.76,370.06,369.54
2000,8,36753,2000.623,368.13,369.98,368.06,369.9,368.13,369.98
2000,9,36784,2000.7077,366.98,370.53,366.49,370.05,366.98,370.53
2000,10,36814,2000.7896,367.21,370.63,366.77,370.19,367.21,370.63
2000,11,36845,2000.8743,368.55,370.55,368.33,370.33,368.55,370.55
2000,12,36875,2000.9563,369.93,370.67,369.71,370.46,369.93,370.67
2001,1,36906,2001.0411,371,370.9,370.69,370.59,371,370.9
2001,2,36937,2001.126,371.56,370.81,371.48,370.72,371.56,370.81
2001,3,36965,2001.2027,372.7,371.11,372.42,370.83,372.7,371.11
2001,4,36996,2001.2877,373.43,370.58,373.8,370.95,373.43,370.58
2001,5,37026,2001.3699,374.39,371.01,374.44,371.07,374.39,371.01
2001,6,37057,2001.4548,373.7,371.26,373.63,371.19,373.7,371.26
2001,7,37087,2001.537,371.48,370.92,371.86,371.31,371.48,370.92
2001,8,37118,2001.6219,369.62,371.44,369.61,371.43,369.62,371.44
2001,9,37149,2001.7068,368.08,371.64,368,371.56,368.08,371.64
2001,10,37179,2001.789,368.33,371.76,368.26,371.69,368.33,371.76
2001,11,37210,2001.874,369.99,372.01,369.82,371.83,369.99,372.01
2001,12,37240,2001.9562,371.44,372.19,371.23,371.98,371.44,372.19
2002,1,37271,2002.0411,372.07,371.97,372.23,372.13,372.07,371.97
2002,2,37302,2002.126,372.69,371.94,373.05,372.3,372.69,371.94
2002,3,37330,2002.2027,373.96,372.37,374.05,372.45,373.96,372.37
2002,4,37361,2002.2877,374.67,371.81,375.5,372.64,374.67,371.81
2002,5,37391,2002.3699,375.82,372.44,376.22,372.83,375.82,372.44
2002,6,37422,2002.4548,375.84,373.4,375.49,373.04,375.84,373.4
2002,7,37452,2002.537,373.93,373.38,373.81,373.26,373.93,373.38
2002,8,37483,2002.6219,371.33,373.16,371.66,373.48,371.33,373.16
2002,9,37514,2002.7068,369.75,373.32,370.14,373.71,369.75,373.32
2002,10,37544,2002.789,370.5,373.95,370.5,373.94,370.5,373.95
2002,11,37575,2002.874,372.44,374.46,372.16,374.18,372.44,374.46
2002,12,37605,2002.9562,373.96,374.72,373.66,374.41,373.96,374.72
2003,1,37636,2003.0411,374.75,374.65,374.75,374.64,374.75,374.65
2003,2,37667,2003.126,375.65,374.89,375.63,374.87,375.65,374.89
2003,3,37695,2003.2027,376.91,375.31,376.67,375.07,376.91,375.31
2003,4,37726,2003.2877,378.11,375.24,378.16,375.29,378.11,375.24
2003,5,37756,2003.3699,378.9,375.5,378.89,375.49,378.9,375.5
2003,6,37787,2003.4548,378.62,376.16,378.15,375.69,378.62,376.16
2003,7,37817,2003.537,376.13,375.57,376.44,375.88,376.13,375.57
2003,8,37848,2003.6219,374.76,376.6,374.23,376.06,374.76,376.6
2003,9,37879,2003.7068,372.66,376.24,372.64,376.23,372.66,376.24
2003,10,37909,2003.789,372.96,376.42,372.93,376.38,372.96,376.42
2003,11,37940,2003.874,375.07,377.1,374.51,376.54,375.07,377.1
2003,12,37970,2003.9562,375.69,376.44,375.92,376.68,375.69,376.44
2004,1,38001,2004.041,376.51,376.41,376.92,376.82,376.51,376.41
2004,2,38032,2004.1257,377.49,376.73,377.72,376.96,377.49,376.73
2004,3,38061,2004.2049,379.23,377.59,378.72,377.09,379.23,377.59
2004,4,38092,2004.2896,380.66,377.75,380.12,377.22,380.66,377.75
2004,5,38122,2004.3716,380.4,376.99,380.76,377.35,380.4,376.99
2004,6,38153,2004.4563,379.69,377.26,379.92,377.49,379.69,377.26
2004,7,38183,2004.5383,377.54,377.02,378.16,377.63,377.54,377.02
2004,8,38214,2004.623,375.68,377.54,375.92,377.78,375.68,377.54
2004,9,38245,2004.7077,374.09,377.7,374.34,377.94,374.09,377.7
2004,10,38275,2004.7896,374.46,377.92,374.64,378.1,374.46,377.92
2004,11,38306,2004.8743,376.2,378.23,376.25,378.28,376.2,378.23
2004,12,38336,2004.9563,377.55,378.3,377.7,378.46,377.55,378.3
2005,1,38367,2005.0411,378.58,378.48,378.75,378.65,378.58,378.48
2005,2,38398,2005.126,380.06,379.29,379.61,378.84,380.06,379.29
2005,3,38426,2005.2027,380.72,379.12,380.63,379.02,380.72,379.12
2005,4,38457,2005.2877,382.12,379.23,382.11,379.22,382.12,379.23
2005,5,38487,2005.3699,382.36,378.94,382.84,379.42,382.36,378.94
2005,6,38518,2005.4548,382.02,379.55,382.09,379.62,382.02,379.55
2005,7,38548,2005.537,381.03,380.47,380.38,379.81,381.03,380.47
2005,8,38579,2005.6219,378.47,380.32,378.17,380.01,378.47,380.32
2005,9,38610,2005.7068,376.38,379.99,376.6,380.21,376.38,379.99
2005,10,38640,2005.789,377.11,380.59,376.91,380.39,377.11,380.59
2005,11,38671,2005.874,378.32,380.36,378.54,380.58,378.32,380.36
2005,12,38701,2005.9562,380.03,380.79,380,380.76,380.03,380.79
2006,1,38732,2006.0411,381.07,380.96,381.04,380.94,381.07,380.96
2006,2,38763,2006.126,382.09,381.32,381.88,381.11,382.09,381.32
2006,3,38791,2006.2027,382.48,380.86,382.88,381.27,382.48,380.86
2006,4,38822,2006.2877,384.87,381.98,384.33,381.44,384.87,381.98
2006,5,38852,2006.3699,385.45,382.02,385.03,381.6,385.45,382.02
2006,6,38883,2006.4548,383.98,381.5,384.24,381.76,383.98,381.5
2006,7,38913,2006.537,382.4,381.84,382.48,381.91,382.4,381.84
2006,8,38944,2006.6219,380.07,381.92,380.22,382.07,380.07,381.92
2006,9,38975,2006.7068,378.52,382.14,378.61,382.23,378.52,382.14
2006,10,39005,2006.789,379.16,382.65,378.89,382.38,379.16,382.65
2006,11,39036,2006.874,380.22,382.26,380.49,382.53,380.22,382.26
2006,12,39066,2006.9562,381.5,382.26,381.92,382.68,381.5,382.26
2007,1,39097,2007.0411,383.06,382.96,382.94,382.84,383.06,382.96
2007,2,39128,2007.126,384.24,383.47,383.77,383,384.24,383.47
2007,3,39156,2007.2027,384.47,382.86,384.76,383.14,384.47,382.86
2007,4,39187,2007.2877,386.54,383.64,386.2,383.3,386.54,383.64
2007,5,39217,2007.3699,386.57,383.13,386.89,383.45,386.57,383.13
2007,6,39248,2007.4548,386.04,383.55,386.09,383.61,386.04,383.55
2007,7,39278,2007.537,384.57,384.01,384.32,383.76,384.57,384.01
2007,8,39309,2007.6219,381.6,383.46,382.06,383.92,381.6,383.46
2007,9,39340,2007.7068,380.31,383.94,380.45,384.08,380.31,383.94
2007,10,39370,2007.789,380.9,384.4,380.73,384.23,380.9,384.4
2007,11,39401,2007.874,382.48,384.54,382.34,384.39,382.48,384.54
2007,12,39431,2007.9562,383.92,384.69,383.78,384.55,383.92,384.69
2008,1,39462,2008.041,385.57,385.47,384.81,384.7,385.57,385.47
2008,2,39493,2008.1257,385.35,384.58,385.63,384.86,385.35,384.58
2008,3,39522,2008.2049,385.96,384.3,386.66,385,385.96,384.3
2008,4,39553,2008.2896,387.46,384.52,388.1,385.16,387.46,384.52
2008,5,39583,2008.3716,388.64,385.19,388.76,385.31,388.64,385.19
2008,6,39614,2008.4563,388.19,385.72,387.93,385.47,388.19,385.72
2008,7,39644,2008.5383,386.58,386.05,386.15,385.62,386.58,386.05
2008,8,39675,2008.623,383.82,385.71,383.88,385.77,383.82,385.71
2008,9,39706,2008.7077,382.86,386.5,382.27,385.92,382.86,386.5
2008,10,39736,2008.7896,382.6,386.1,382.56,386.06,382.6,386.1
2008,11,39767,2008.8743,384.11,386.16,384.16,386.21,384.11,386.16
2008,12,39797,2008.9563,385.48,386.25,385.58,386.35,385.48,386.25
2009,1,39828,2009.0411,386.94,386.83,386.6,386.49,386.94,386.83
2009,2,39859,2009.126,387.31,386.54,387.42,386.64,387.31,386.54
2009,3,39887,2009.2027,388.39,386.76,388.41,386.78,388.39,386.76
2009,4,39918,2009.2877,389.52,386.6,389.86,386.93,389.52,386.6
2009,5,39948,2009.3699,390.22,386.75,390.55,387.09,390.22,386.75
2009,6,39979,2009.4548,389.63,387.13,389.76,387.26,389.63,387.13
2009,7,40009,2009.537,387.71,387.14,388,387.43,387.71,387.14
2009,8,40040,2009.6219,385.74,387.61,385.75,387.61,385.74,387.61
2009,9,40071,2009.7068,384.36,388.01,384.15,387.8,384.36,388.01
2009,10,40101,2009.789,384.43,387.95,384.47,387.99,384.43,387.95
2009,11,40132,2009.874,386.01,388.07,386.12,388.19,386.01,388.07
2009,12,40162,2009.9562,387.45,388.21,387.61,388.38,387.45,388.21
2010,1,40193,2010.0411,388.11,388.01,388.69,388.59,388.11,388.01
2010,2,40224,2010.126,389.54,388.77,389.57,388.79,389.54,388.77
2010,3,40252,2010.2027,390.73,389.1,390.61,388.98,390.73,389.1
2010,4,40283,2010.2877,392.75,389.82,392.12,389.18,392.75,389.82
2010,5,40313,2010.3699,393.12,389.65,392.85,389.38,393.12,389.65
2010,6,40344,2010.4548,392.41,389.9,392.08,389.57,392.41,389.9
2010,7,40374,2010.537,390.19,389.62,390.32,389.75,390.19,389.62
2010,8,40405,2010.6219,387.91,389.78,388.06,389.94,387.91,389.78
2010,9,40436,2010.7068,386.36,390.02,386.45,390.11,386.36,390.02
2010,10,40466,2010.789,387.19,390.72,386.75,390.28,387.19,390.72
2010,11,40497,2010.874,388.68,390.75,388.38,390.45,388.68,390.75
2010,12,40527,2010.9562,389.79,390.56,389.84,390.61,389.79,390.56
2011,1,40558,2011.0411,391.36,391.26,390.88,390.77,391.36,391.26
2011,2,40589,2011.126,391.7,390.92,391.72,390.94,391.7,390.92
2011,3,40617,2011.2027,392.23,390.6,392.72,391.08,392.23,390.6
2011,4,40648,2011.2877,393.73,390.79,394.19,391.25,393.73,390.79
2011,5,40678,2011.3699,394.72,391.24,394.9,391.41,394.72,391.24
2011,6,40709,2011.4548,393.54,391.03,394.1,391.59,393.54,391.03
2011,7,40739,2011.537,392.59,392.01,392.34,391.76,392.59,392.01
2011,8,40770,2011.6219,390.2,392.08,390.07,391.94,390.2,392.08
2011,9,40801,2011.7068,388.6,392.28,388.46,392.13,388.6,392.28
2011,10,40831,2011.789,389.25,392.79,388.77,392.31,389.25,392.79
2011,11,40862,2011.874,390.52,392.6,390.42,392.5,390.52,392.6
2011,12,40892,2011.9562,391.99,392.77,391.9,392.68,391.99,392.77
2012,1,40923,2012.041,393.17,393.07,392.97,392.87,393.17,393.07
2012,2,40954,2012.1257,393.43,392.65,393.85,393.07,393.43,392.65
2012,3,40983,2012.2049,394.44,392.77,394.93,393.26,394.44,392.77
2012,4,41014,2012.2896,396.46,393.48,396.44,393.47,396.46,393.48
2012,5,41044,2012.3716,397.15,393.66,397.17,393.68,397.15,393.66
2012,6,41075,2012.4563,396.12,393.62,396.39,393.9,396.12,393.62
2012,7,41105,2012.5383,394.34,393.8,394.66,394.12,394.34,393.8
2012,8,41136,2012.623,392.16,394.08,392.45,394.36,392.16,394.08
2012,9,41167,2012.7077,391.14,394.83,390.91,394.6,391.14,394.83
2012,10,41197,2012.7896,391.12,394.67,391.29,394.83,391.12,394.67
2012,11,41228,2012.8743,393.33,395.4,393,395.08,393.33,395.4
2012,12,41258,2012.9563,394.65,395.43,394.54,395.31,394.65,395.43
2013,1,41289,2013.0411,395.67,395.57,395.66,395.55,395.67,395.57
2013,2,41320,2013.126,396.85,396.06,396.58,395.79,396.85,396.06
2013,3,41348,2013.2027,398.04,396.4,397.65,396,398.04,396.4
2013,4,41379,2013.2877,398.94,395.98,399.18,396.22,398.94,395.98
2013,5,41409,2013.3699,400.35,396.85,399.94,396.43,400.35,396.85
2013,6,41440,2013.4548,398.9,396.37,399.18,396.65,398.9,396.37
2013,7,41470,2013.537,397.79,397.21,397.42,396.85,397.79,397.21
2013,8,41501,2013.6219,394.8,396.87,395.07,397.14,394.8,396.87
2013,9,41532,2013.7068,393.53,397.27,393.58,397.32,393.53,397.27
2013,10,41562,2013.789,394.07,397.51,394.05,397.49,394.07,397.51
2013,11,41593,2013.874,395.71,397.65,395.73,397.67,395.71,397.65
2013,12,41623,2013.9562,397.31,398,397.16,397.84,397.31,398
2014,1,41654,2014.0411,398.06,397.87,398.21,398.02,398.06,397.87
2014,2,41685,2014.126,398.26,397.52,398.94,398.2,398.26,397.52
2014,3,41713,2014.2027,400.18,398.67,399.87,398.36,400.18,398.67
2014,4,41744,2014.2877,401.87,398.78,401.62,398.54,401.87,398.78
2014,5,41774,2014.3699,402.51,398.81,402.4,398.69,402.51,398.81
2014,6,41805,2014.4548,401.72,399.33,401.23,398.84,401.72,399.33
2014,7,41835,2014.537,399.06,398.72,399.3,398.97,399.06,398.72
2014,8,41866,2014.6219,396.77,398.83,397.05,399.11,396.77,398.83
2014,9,41897,2014.7068,395.51,399.28,395.49,399.25,395.51,399.28
2014,10,41927,2014.789,395.66,399.1,395.95,399.4,395.66,399.1
2014,11,41958,2014.874,397.5,399.39,397.67,399.55,397.5,399.39
2014,12,41988,2014.9562,399.42,400.1,399.04,399.71,399.42,400.1
2015,1,42019,2015.0411,400.19,399.97,400.1,399.87,400.19,399.97
2015,2,42050,2015.126,400.66,399.89,400.81,400.04,400.66,399.89
2015,3,42078,2015.2027,401.55,400.09,401.65,400.19,401.55,400.09
2015,4,42109,2015.2877,403.91,400.87,403.42,400.38,403.91,400.87
2015,5,42139,2015.3699,404.17,400.48,404.25,400.56,404.17,400.48
2015,6,42170,2015.4548,403.07,400.68,403.16,400.77,403.07,400.68
2015,7,42200,2015.537,401.31,400.97,401.32,400.98,401.31,400.97
2015,8,42231,2015.6219,398.77,400.85,399.16,401.23,398.77,400.85
2015,9,42262,2015.7068,397.65,401.45,397.71,401.5,397.65,401.45
2015,10,42292,2015.789,398.51,401.97,398.33,401.79,398.51,401.97
2015,11,42323,2015.874,400.11,402.05,400.15,402.09,400.11,402.05
2015,12,42353,2015.9562,401.64,402.26,401.77,402.39,401.64,402.26
2016,1,42384,2016.041,402.73,402.42,403.02,402.71,402.73,402.42
2016,2,42415,2016.1257,404.09,403.29,403.81,403.02,404.09,403.29
2016,3,42444,2016.2049,404.74,403.23,404.8,403.29,404.74,403.23
2016,4,42475,2016.2896,407.3,404.27,406.6,403.57,407.3,404.27
2016,5,42505,2016.3716,407.98,404.3,407.5,403.81,407.98,404.3
2016,6,42536,2016.4563,406.15,403.8,406.4,404.04,406.15,403.8
2016,7,42566,2016.5383,404.51,404.22,404.53,404.25,404.51,404.22
2016,8,42597,2016.623,402.12,404.23,402.34,404.46,402.12,404.23
2016,9,42628,2016.7077,400.33,404.1,400.91,404.68,400.33,404.1
2016,10,42658,2016.7896,401.65,405.12,401.43,404.9,401.65,405.12
2016,11,42689,2016.8743,403.38,405.35,403.15,405.12,403.38,405.35
2016,12,42719,2016.9563,404.5,405.17,404.68,405.34,404.5,405.17
2017,1,42750,2017.0411,405.92,405.58,405.9,405.57,405.92,405.58
2017,2,42781,2017.126,406.66,405.82,406.64,405.8,406.66,405.82
2017,3,42809,2017.2027,407.2,405.64,407.56,406,407.2,405.64
2017,4,42840,2017.2877,408.93,405.94,409.16,406.16,408.93,405.94
2017,5,42870,2017.3699,410.09,406.47,409.99,406.36,410.09,406.47
2017,6,42901,2017.4548,409.29,406.79,409.06,406.56,409.29,406.79
2017,7,42931,2017.537,406.88,406.59,407.02,406.74,406.88,406.59
2017,8,42962,2017.6219,405.13,407.25,404.78,406.9,405.13,407.25
2017,9,42993,2017.7068,403.17,406.92,403.3,407.05,403.17,406.92
2017,10,43023,2017.789,403.8,407.31,403.66,407.17,403.8,407.31
2017,11,43054,2017.874,405.28,407.25,405.33,407.3,405.28,407.25
2017,12,43084,2017.9562,406.65,407.34,406.73,407.42,406.65,407.34
2018,1,43115,2018.0411,408.04,407.68,407.9,407.55,408.04,407.68
2018,2,43146,2018.126,408.66,407.72,408.63,407.69,408.66,407.72
2018,3,43174,2018.2027,409.43,407.95,409.31,407.83,409.43,407.95
2018,4,43205,2018.2877,410.51,407.63,410.9,408.02,410.51,407.63
2018,5,43235,2018.3699,411.7,408.02,411.89,408.22,411.7,408.02
2018,6,43266,2018.4548,410.26,407.77,410.96,408.46,410.26,407.77
2018,7,43296,2018.537,408.88,408.61,408.99,408.72,408.88,408.61
2018,8,43327,2018.6219,407.2,409.3,406.9,409.01,407.2,409.3
2018,9,43358,2018.7068,405.56,409.28,405.58,409.31,405.56,409.28
2018,10,43388,2018.789,406.15,409.6,406.13,409.58,406.15,409.6
2018,11,43419,2018.874,407.97,409.93,407.9,409.86,407.97,409.93
2018,12,43449,2018.9562,409.32,409.96,409.49,410.13,409.32,409.96
2019,1,43480,2019.0411,410.99,410.61,410.76,410.39,410.99,410.61
2019,2,43511,2019.126,412,411.09,411.58,410.68,412,411.09
2019,3,43539,2019.2027,412.22,410.81,412.29,410.88,412.22,410.81
2019,4,43570,2019.2877,413.57,410.77,413.89,411.09,413.57,410.77
2019,5,43600,2019.3699,414.92,411.24,414.97,411.29,414.92,411.24
2019,6,43631,2019.4548,414.23,411.75,413.97,411.5,414.23,411.75
2019,7,43661,2019.537,411.9,411.66,411.93,411.69,411.9,411.66
2019,8,43692,2019.6219,410.05,412.11,409.82,411.88,410.05,412.11
2019,9,43723,2019.7068,408.35,412.01,408.41,412.07,408.35,412.01
2019,10,43753,2019.789,408.6,412.04,408.82,412.25,408.6,412.04
2019,11,43784,2019.874,410.41,412.39,410.47,412.45,410.41,412.39
2019,12,43814,2019.9562,411.88,412.55,411.97,412.64,411.88,412.55
2020,1,43845,2020.041,413.51,413.12,413.24,412.85,413.51,413.12
2020,2,43876,2020.1257,413.82,412.88,414.01,413.07,413.82,412.88
2020,3,43905,2020.2049,414.46,413.03,414.7,413.28,414.46,413.03
2020,4,43936,2020.2896,416.09,413.29,416.31,413.51,416.09,413.29
2020,5,43966,2020.3716,417.27,413.64,417.37,413.75,417.27,413.64
2020,6,43997,2020.4563,416.59,414.19,416.39,413.99,416.59,414.19
2020,7,44027,2020.5383,414.78,414.57,414.42,414.21,414.78,414.57
2020,8,44058,2020.623,412.34,414.4,412.36,414.42,412.34,414.4
2020,9,44089,2020.7077,411.4,415.02,411,414.62,411.4,415.02
2020,10,44119,2020.7896,411.32,414.71,411.41,414.8,411.32,414.71
2020,11,44150,2020.8743,412.74,414.69,413.03,414.97,412.74,414.69
2020,12,44180,2020.9563,414.12,414.78,414.49,415.15,414.12,414.78
2021,1,44211,2021.0411,415.59,415.21,415.72,415.34,415.59,415.21
2021,2,44242,2021.126,416.73,415.8,416.46,415.53,416.73,415.8
2021,3,44270,2021.2027,417.25,415.87,417.08,415.7,417.25,415.87
2021,4,44301,2021.2877,418.71,415.98,418.6,415.87,418.71,415.98
2021,5,44331,2021.3699,419.54,415.96,419.62,416.04,419.54,415.96
2021,6,44362,2021.4548,418.72,416.31,418.62,416.2,418.72,416.31
2021,7,44392,2021.537,416.76,416.52,416.61,416.37,416.76,416.52
2021,8,44423,2021.6219,414.1,416.1,414.54,416.54,414.1,416.1
2021,9,44454,2021.7068,413.03,416.59,413.17,416.73,413.03,416.59
2021,10,44484,2021.789,413.77,417.12,413.58,416.92,413.77,417.12
2021,11,44515,2021.874,414.96,416.88,415.2,417.12,414.96,416.88
2021,12,44545,2021.9562,416.97,417.62,416.66,417.32,416.97,417.62
2022,1,44576,2022.0411,418.07,417.69,417.89,417.51,418.07,417.69
2022,2,44607,2022.126,419.34,418.42,418.6,417.68,419.34,418.42
2022,3,44635,2022.2027,418.84,417.48,419.19,417.83,418.84,417.48
2022,4,44666,2022.2877,420.15,417.45,420.68,417.99,420.15,417.45
2022,5,44696,2022.3699,420.78,417.25,421.68,418.15,420.78,417.25
2022,6,44727,2022.4548,420.99,418.61,420.7,418.32,420.99,418.61
2022,7,44757,2022.537,418.5,418.26,418.72,418.48,418.5,418.26
2022,8,44788,2022.6219,417.02,419,416.67,418.66,417.02,419
2022,9,44819,2022.7068,415.58,419.1,415.31,418.83,415.58,419.1
2022,10,44849,2022.789,415.24,418.54,415.7,419,415.24,418.54
2022,11,44880,2022.874,417.22,419.12,417.3,419.2,417.22,419.12
2022,12,44910,2022.9562,419.15,419.8,418.76,419.4,419.15,419.8
2023,1,44941,2023.0411,419.68,419.3,420,419.63,419.68,419.3
2023,2,44972,2023.126,420.23,419.32,420.79,419.88,420.23,419.32
2023,3,45000,2023.2027,421.03,419.68,421.47,420.12,421.03,419.68
2023,4,45031,2023.2877,423.29,420.64,423.05,420.4,423.29,420.64
2023,5,45061,2023.3699,424.38,420.9,424.15,420.67,424.38,420.9
2023,6,45092,2023.4548,423.55,421.2,423.28,420.94,423.55,421.2
2023,7,45122,2023.537,421.17,420.94,421.42,421.19,421.17,420.94
2023,8,45153,2023.6219,419.86,421.81,419.48,421.44,419.86,421.81
2023,9,45184,2023.7068,418.59,422.06,418.21,421.68,418.59,422.06
2023,10,45214,2023.789,418.52,421.78,418.64,421.89,418.52,421.78
2023,11,45245,2023.874,419.88,421.75,420.24,422.12,419.88,421.75
2023,12,45275,2023.9562,421.53,422.17,421.7,422.34,421.53,422.17
2024,1,45306,2024.041,422.64,422.27,422.94,422.57,422.64,422.27
2024,2,45337,2024.1257,424.34,423.44,423.71,422.81,424.34,423.44
2024,3,45366,2024.2049,424.7,423.35,424.4,423.04,424.7,423.35
2024,4,45397,2024.2896,426.27,423.62,425.95,423.29,426.27,423.62
2024,5,45427,2024.3716,      NaN,      NaN,426.97,423.54,426.97,423.54
2024,6,45458,2024.4563,      NaN,      NaN,426.07,423.79,426.07,423.79
2024,7,45488,2024.5383,      NaN,      NaN,424.22,424.03,424.22,424.03
2024,8,45519,2024.623,      NaN,      NaN,422.33,424.28,422.33,424.28
2024,9,45550,2024.7077,      NaN,      NaN,421.1,424.53,421.1,424.53
2024,10,45580,2024.7896,      NaN,      NaN,421.56,424.77,421.56,424.77
2024,11,45611,2024.8743,      NaN,      NaN,423.18,425.02,423.18,425.02
2024,12,45641,2024.9563,      NaN,      NaN,424.63,425.26,424.63,425.26
