  Yr, Mn,    Date,      Date,     CO2,seasonally,        fit,  seasonally,      CO2, seasonally, Sta
    ,   ,        ,          ,        ,  adjusted,           ,adjusted fit,   filled,adjusted filled,
    ,   ,   Excel,          ,   [ppm],    [ppm] ,      [ppm],    [ppm],       [ppm],    [ppm],
1958,1,21200,1958.0411,-99.99,-99.99,-99.99,-99.99,-99.99,-99.99, MLO
1958,2,21231,1958.126,-99.99,-99.99,-99.99,-99.99,-99.99,-99.99, MLO
1958,3,21259,1958.2027,315.71,314.43,316.2,314.91,315.71,314.43, MLO
1958,4,21290,1958.2877,317.45,315.15,317.31,314.99,317.45,315.15, MLO
1958,5,21320,1958.3699,317.51,314.69,317.89,315.07,317.51,314.69, MLO
1958,6,21351,1958.4548,-99.99,-99.99,317.27,315.15,317.27,315.15, MLO
1958,7,21381,1958.537,315.87,315.2,315.86,315.22,315.87,315.2, MLO
1958,8,21412,1958.6219,314.93,316.22,313.96,315.29,314.93,316.22, MLO
1958,9,21443,1958.7068,313.21,316.12,312.43,315.35,313.21,316.12, MLO
1958,10,21473,1958.789,-99.99,-99.99,312.42,315.41,312.42,315.41, MLO
1958,11,21504,1958.874,313.33,315.21,313.6,315.46,313.33,315.21, MLO
1958,12,21534,1958.9562,314.67,315.44,314.77,315.52,314.67,315.44, MLO
1959,1,21565,1959.0411,315.58,315.52,315.64,315.58,315.58,315.52, MLO
1959,2,21596,1959.126,316.49,315.84,316.3,315.64,316.49,315.84, MLO
1959,3,21624,1959.2027,316.65,315.37,317,315.7,316.65,315.37, MLO
1959,4,21655,1959.2877,317.72,315.41,318.1,315.77,317.72,315.41, MLO
1959,5,21685,1959.3699,318.29,315.46,318.68,315.85,318.29,315.46, MLO
1959,6,21716,1959.4548,318.15,316,318.08,315.94,318.15,316, MLO
1959,7,21746,1959.537,316.54,315.87,316.67,316.03,316.54,315.87, MLO
1959,8,21777,1959.6219,314.79,316.1,314.8,316.13,314.79,316.1, MLO
1959,9,21808,1959.7068,313.84,316.76,313.29,316.22,313.84,316.76, MLO
1959,10,21838,1959.789,313.33,316.35,313.31,316.31,313.33,316.35, MLO
1959,11,21869,1959.874,314.81,316.69,314.53,316.4,314.81,316.69, MLO
1959,12,21899,1959.9562,315.58,316.35,315.72,316.48,315.58,316.35, MLO
1960,1,21930,1960.041,316.43,316.37,316.63,316.56,316.43,316.37, MLO
1960,2,21961,1960.1257,316.98,316.33,317.3,316.64,316.98,316.33, MLO
1960,3,21990,1960.2049,317.58,316.27,318.04,316.72,317.58,316.27, MLO
1960,4,22021,1960.2896,319.03,316.69,319.15,316.79,319.03,316.69, MLO
1960,5,22051,1960.3716,320.03,317.19,319.7,316.86,320.03,317.19, MLO
1960,6,22082,1960.4563,319.59,317.45,319.05,316.93,319.59,317.45, MLO
1960,7,22112,1960.5383,318.18,317.53,317.59,316.98,318.18,317.53, MLO
1960,8,22143,1960.623,315.9,317.23,315.66,317.02,315.9,317.23, MLO
1960,9,22174,1960.7077,314.17,317.11,314.1,317.05,314.17,317.11, MLO
1960,10,22204,1960.7896,313.83,316.85,314.08,317.08,313.83,316.85, MLO
1960,11,22235,1960.8743,315,316.89,315.25,317.12,315,316.89, MLO
1960,12,22265,1960.9563,316.19,316.96,316.4,317.16,316.19,316.96, MLO
1961,1,22296,1961.0411,316.89,316.84,317.28,317.21,316.89,316.84, MLO
1961,2,22327,1961.126,317.7,317.05,317.94,317.27,317.7,317.05, MLO
1961,3,22355,1961.2027,318.54,317.25,318.64,317.34,318.54,317.25, MLO
1961,4,22386,1961.2877,319.48,317.15,319.76,317.42,319.48,317.15, MLO
1961,5,22416,1961.3699,320.58,317.73,320.35,317.5,320.58,317.73, MLO
1961,6,22447,1961.4548,319.77,317.61,319.74,317.59,319.77,317.61, MLO
1961,7,22477,1961.537,318.56,317.89,318.33,317.68,318.56,317.89, MLO
1961,8,22508,1961.6219,316.79,318.1,316.43,317.77,316.79,318.1, MLO
1961,9,22539,1961.7068,314.99,317.92,314.9,317.85,314.99,317.92, MLO
1961,10,22569,1961.789,315.31,318.34,314.91,317.93,315.31,318.34, MLO
1961,11,22600,1961.874,316.1,318,316.12,318,316.1,318, MLO
1961,12,22630,1961.9562,317.01,317.78,317.3,318.06,317.01,317.78, MLO
1962,1,22661,1962.0411,317.94,317.88,318.2,318.13,317.94,317.88, MLO
1962,2,22692,1962.126,318.55,317.89,318.86,318.2,318.55,317.89, MLO
1962,3,22720,1962.2027,319.68,318.39,319.57,318.26,319.68,318.39, MLO
1962,4,22751,1962.2877,320.57,318.24,320.67,318.32,320.57,318.24, MLO
1962,5,22781,1962.3699,321.02,318.16,321.25,318.39,321.02,318.16, MLO
1962,6,22812,1962.4548,320.62,318.45,320.6,318.45,320.62,318.45, MLO
1962,7,22842,1962.537,319.62,318.94,319.15,318.51,319.62,318.94, MLO
1962,8,22873,1962.6219,317.4,318.71,317.21,318.56,317.4,318.71, MLO
1962,9,22904,1962.7068,316.24,319.19,315.64,318.61,316.24,319.19, MLO
1962,10,22934,1962.789,315.42,318.46,315.62,318.64,315.42,318.46, MLO
1962,11,22965,1962.874,316.69,318.59,316.8,318.68,316.69,318.59, MLO
1962,12,22995,1962.9562,317.7,318.48,317.96,318.72,317.7,318.48, MLO
1963,1,23026,1963.0411,318.74,318.68,318.83,318.77,318.74,318.68, MLO
1963,2,23057,1963.126,319.07,318.41,319.48,318.81,319.07,318.41, MLO
1963,3,23085,1963.2027,319.86,318.56,320.17,318.86,319.86,318.56, MLO
1963,4,23116,1963.2877,321.38,319.05,321.27,318.91,321.38,319.05, MLO
1963,5,23146,1963.3699,322.24,319.38,321.83,318.97,322.24,319.38, MLO
1963,6,23177,1963.4548,321.49,319.31,321.18,319.02,321.49,319.31, MLO
1963,7,23207,1963.537,319.74,319.06,319.71,319.06,319.74,319.06, MLO
1963,8,23238,1963.6219,317.77,319.08,317.76,319.11,317.77,319.08, MLO
1963,9,23269,1963.7068,316.21,319.17,316.18,319.15,316.21,319.17, MLO
1963,10,23299,1963.789,315.99,319.03,316.16,319.19,315.99,319.03, MLO
1963,11,23330,1963.874,317.07,318.98,317.35,319.24,317.07,318.98, MLO
1963,12,23360,1963.9562,318.35,319.13,318.52,319.28,318.35,319.13, MLO
1964,1,23391,1964.041,319.57,319.52,319.4,319.33,319.57,319.52, MLO
1964,2,23422,1964.1257,-99.99,-99.99,320.04,319.37,320.04,319.37, MLO
1964,3,23451,1964.2049,-99.99,-99.99,320.76,319.42,320.76,319.42, MLO
1964,4,23482,1964.2896,-99.99,-99.99,321.84,319.46,321.84,319.46, MLO
1964,5,23512,1964.3716,322.25,319.37,322.37,319.5,322.25,319.37, MLO
1964,6,23543,1964.4563,321.9,319.73,321.68,319.53,321.9,319.73, MLO
1964,7,23573,1964.5383,320.44,319.79,320.19,319.56,320.44,319.79, MLO
1964,8,23604,1964.623,318.69,320.04,318.21,319.59,318.69,320.04, MLO
1964,9,23635,1964.7077,316.71,319.68,316.62,319.61,316.71,319.68, MLO
1964,10,23665,1964.7896,316.87,319.92,316.59,319.63,316.87,319.92, MLO
1964,11,23696,1964.8743,317.68,319.59,317.75,319.64,317.68,319.59, MLO
1964,12,23726,1964.9563,318.71,319.49,318.9,319.66,318.71,319.49, MLO
1965,1,23757,1965.0411,319.44,319.38,319.76,319.69,319.44,319.38, MLO
1965,2,23788,1965.126,320.44,319.78,320.4,319.73,320.44,319.78, MLO
1965,3,23816,1965.2027,320.89,319.58,321.1,319.78,320.89,319.58, MLO
1965,4,23847,1965.2877,322.13,319.79,322.21,319.84,322.13,319.79, MLO
1965,5,23877,1965.3699,322.17,319.28,322.8,319.91,322.17,319.28, MLO
1965,6,23908,1965.4548,321.88,319.68,322.18,320.01,321.88,319.68, MLO
1965,7,23938,1965.537,321.21,320.53,320.76,320.11,321.21,320.53, MLO
1965,8,23969,1965.6219,318.87,320.19,318.86,320.22,318.87,320.19, MLO
1965,9,24000,1965.7068,317.82,320.79,317.34,320.33,317.82,320.79, MLO
1965,10,24030,1965.789,317.3,320.37,317.38,320.44,317.3,320.37, MLO
1965,11,24061,1965.874,318.87,320.79,318.65,320.55,318.87,320.79, MLO
1965,12,24091,1965.9562,319.42,320.2,319.9,320.67,319.42,320.2, MLO
1966,1,24122,1966.0411,320.62,320.57,320.86,320.79,320.62,320.57, MLO
1966,2,24153,1966.126,321.6,320.93,321.58,320.91,321.6,320.93, MLO
1966,3,24181,1966.2027,322.39,321.08,322.34,321.01,322.39,321.08, MLO
1966,4,24212,1966.2877,323.7,321.34,323.5,321.12,323.7,321.34, MLO
1966,5,24242,1966.3699,324.08,321.18,324.12,321.22,324.08,321.18, MLO
1966,6,24273,1966.4548,323.75,321.55,323.5,321.32,323.75,321.55, MLO
1966,7,24303,1966.537,322.37,321.69,322.06,321.41,322.37,321.69, MLO
1966,8,24334,1966.6219,320.36,321.69,320.12,321.49,320.36,321.69, MLO
1966,9,24365,1966.7068,318.64,321.62,318.56,321.56,318.64,321.62, MLO
1966,10,24395,1966.789,318.1,321.18,318.56,321.62,318.1,321.18, MLO
1966,11,24426,1966.874,319.78,321.71,319.78,321.69,319.78,321.71, MLO
1966,12,24456,1966.9562,321.02,321.81,320.98,321.75,321.02,321.81, MLO
1967,1,24487,1967.0411,322.33,322.27,321.87,321.8,322.33,322.27, MLO
1967,2,24518,1967.126,322.5,321.83,322.54,321.86,322.5,321.83, MLO
1967,3,24546,1967.2027,323.03,321.72,323.24,321.91,323.03,321.72, MLO
1967,4,24577,1967.2877,324.41,322.05,324.35,321.96,324.41,322.05, MLO
1967,5,24607,1967.3699,325,322.1,324.92,322.02,325,322.1, MLO
1967,6,24638,1967.4548,324.09,321.89,324.27,322.08,324.09,321.89, MLO
1967,7,24668,1967.537,322.54,321.86,322.8,322.14,322.54,321.86, MLO
1967,8,24699,1967.6219,320.92,322.25,320.84,322.21,320.92,322.25, MLO
1967,9,24730,1967.7068,319.25,322.25,319.27,322.28,319.25,322.25, MLO
1967,10,24760,1967.789,319.39,322.48,319.28,322.35,319.39,322.48, MLO
1967,11,24791,1967.874,320.73,322.66,320.51,322.43,320.73,322.66, MLO
1967,12,24821,1967.9562,321.95,322.74,321.73,322.5,321.95,322.74, MLO
1968,1,24852,1968.041,322.57,322.51,322.64,322.58,322.57,322.51, MLO
1968,2,24883,1968.1257,323.15,322.48,323.33,322.66,323.15,322.48, MLO
1968,3,24912,1968.2049,323.89,322.55,324.1,322.74,323.89,322.55, MLO
1968,4,24943,1968.2896,325.02,322.62,325.24,322.83,325.02,322.62, MLO
1968,5,24973,1968.3716,325.57,322.66,325.84,322.93,325.57,322.66, MLO
1968,6,25004,1968.4563,325.36,323.17,325.21,323.04,325.36,323.17, MLO
1968,7,25034,1968.5383,324.14,323.48,323.78,323.14,324.14,323.48, MLO
1968,8,25065,1968.623,322.11,323.47,321.86,323.26,322.11,323.47, MLO
1968,9,25096,1968.7077,320.33,323.34,320.35,323.38,320.33,323.34, MLO
1968,10,25126,1968.7896,320.25,323.34,320.42,323.49,320.25,323.34, MLO
1968,11,25157,1968.8743,321.32,323.26,321.71,323.62,321.32,323.26, MLO
1968,12,25187,1968.9563,322.89,323.68,322.98,323.75,322.89,323.68, MLO
1969,1,25218,1969.0411,324,323.95,323.96,323.89,324,323.95, MLO
1969,2,25249,1969.126,324.42,323.74,324.72,324.03,324.42,323.74, MLO
1969,3,25277,1969.2027,325.63,324.31,325.5,324.16,325.63,324.31, MLO
1969,4,25308,1969.2877,326.66,324.28,326.7,324.31,326.66,324.28, MLO
1969,5,25338,1969.3699,327.38,324.46,327.36,324.44,327.38,324.46, MLO
1969,6,25369,1969.4548,326.71,324.49,326.77,324.57,326.71,324.49, MLO
1969,7,25399,1969.537,325.88,325.19,325.35,324.69,325.88,325.19, MLO
1969,8,25430,1969.6219,323.66,325,323.43,324.81,323.66,325, MLO
1969,9,25461,1969.7068,322.38,325.39,321.88,324.91,322.38,325.39, MLO
1969,10,25491,1969.789,321.78,324.88,321.9,325,321.78,324.88, MLO
1969,11,25522,1969.874,322.85,324.8,323.16,325.08,322.85,324.8, MLO
1969,12,25552,1969.9562,324.11,324.91,324.39,325.16,324.11,324.91, MLO
1970,1,25583,1970.0411,325.06,325,325.32,325.25,325.06,325, MLO
1970,2,25614,1970.126,325.99,325.31,326.01,325.33,325.99,325.31, MLO
1970,3,25642,1970.2027,326.93,325.6,326.74,325.4,326.93,325.6, MLO
1970,4,25673,1970.2877,328.13,325.75,327.88,325.48,328.13,325.75, MLO
1970,5,25703,1970.3699,328.08,325.15,328.48,325.56,328.08,325.15, MLO
1970,6,25734,1970.4548,327.67,325.44,327.84,325.63,327.67,325.44, MLO
1970,7,25764,1970.537,326.34,325.65,326.37,325.71,326.34,325.65, MLO
1970,8,25795,1970.6219,324.68,326.03,324.4,325.78,324.68,326.03, MLO
1970,9,25826,1970.7068,323.1,326.12,322.8,325.84,323.1,326.12, MLO
1970,10,25856,1970.789,323.07,326.18,322.79,325.89,323.07,326.18, MLO
1970,11,25887,1970.874,324.01,325.96,324.01,325.93,324.01,325.96, MLO
1970,12,25917,1970.9562,325.13,325.93,325.19,325.97,325.13,325.93, MLO
1971,1,25948,1971.0411,326.17,326.11,326.08,326.01,326.17,326.11, MLO
1971,2,25979,1971.126,326.68,326.01,326.74,326.05,326.68,326.01, MLO
1971,3,26007,1971.2027,327.18,325.84,327.44,326.09,327.18,325.84, MLO
1971,4,26038,1971.2877,327.78,325.39,328.55,326.14,327.78,325.39, MLO
1971,5,26068,1971.3699,328.93,325.99,329.14,326.2,328.93,325.99, MLO
1971,6,26099,1971.4548,328.57,326.34,328.48,326.27,328.57,326.34, MLO
1971,7,26129,1971.537,327.36,326.67,327,326.34,327.36,326.67, MLO
1971,8,26160,1971.6219,325.43,326.78,325.02,326.41,325.43,326.78, MLO
1971,9,26191,1971.7068,323.36,326.39,323.43,326.48,323.36,326.39, MLO
1971,10,26221,1971.789,323.56,326.69,323.44,326.55,323.56,326.69, MLO
1971,11,26252,1971.874,324.8,326.75,324.69,326.63,324.8,326.75, MLO
1971,12,26282,1971.9562,326.01,326.81,325.92,326.7,326.01,326.81, MLO
1972,1,26313,1972.041,326.77,326.71,326.86,326.79,326.77,326.71, MLO
1972,2,26344,1972.1257,327.63,326.96,327.57,326.88,327.63,326.96, MLO
1972,3,26373,1972.2049,327.75,326.39,328.36,326.98,327.75,326.39, MLO
1972,4,26404,1972.2896,329.72,327.3,329.55,327.1,329.72,327.3, MLO
1972,5,26434,1972.3716,330.07,327.12,330.18,327.24,330.07,327.12, MLO
1972,6,26465,1972.4563,329.09,326.87,329.58,327.39,329.09,326.87, MLO
1972,7,26495,1972.5383,328.04,327.37,328.19,327.55,328.04,327.37, MLO
1972,8,26526,1972.623,326.32,327.7,326.31,327.73,326.32,327.7, MLO
1972,9,26557,1972.7077,324.84,327.89,324.86,327.92,324.84,327.89, MLO
1972,10,26587,1972.7896,325.2,328.33,325,328.11,325.2,328.33, MLO
1972,11,26618,1972.8743,326.5,328.46,326.38,328.32,326.5,328.46, MLO
1972,12,26648,1972.9563,327.55,328.35,327.73,328.51,327.55,328.35, MLO
1973,1,26679,1973.0411,328.55,328.49,328.79,328.72,328.55,328.49, MLO
1973,2,26710,1973.126,329.57,328.89,329.62,328.93,329.57,328.89, MLO
1973,3,26738,1973.2027,330.3,328.96,330.47,329.11,330.3,328.96, MLO
1973,4,26769,1973.2877,331.5,329.09,331.73,329.3,331.5,329.09, MLO
1973,5,26799,1973.3699,332.48,329.53,332.43,329.48,332.48,329.53, MLO
1973,6,26830,1973.4548,332.08,329.83,331.87,329.64,332.08,329.83, MLO
1973,7,26860,1973.537,330.87,330.17,330.44,329.77,330.87,330.17, MLO
1973,8,26891,1973.6219,329.31,330.67,328.49,329.88,329.31,330.67, MLO
1973,9,26922,1973.7068,327.52,330.57,326.9,329.96,327.52,330.57, MLO
1973,10,26952,1973.789,327.19,330.33,326.89,330.02,327.19,330.33, MLO
1973,11,26983,1973.874,328.17,330.13,328.11,330.05,328.17,330.13, MLO
1973,12,27013,1973.9562,328.65,329.45,329.29,330.08,328.65,329.45, MLO
1974,1,27044,1974.0411,329.36,329.3,330.17,330.1,329.36,329.3, MLO
1974,2,27075,1974.126,330.71,330.03,330.82,330.13,330.71,330.03, MLO
1974,3,27103,1974.2027,331.49,330.14,331.52,330.16,331.49,330.14, MLO
1974,4,27134,1974.2877,332.65,330.24,332.62,330.19,332.65,330.24, MLO
1974,5,27164,1974.3699,333.1,330.13,333.2,330.23,333.1,330.13, MLO
1974,6,27195,1974.4548,332.26,330.01,332.51,330.28,332.26,330.01, MLO
1974,7,27225,1974.537,331.18,330.48,331,330.33,331.18,330.48, MLO
1974,8,27256,1974.6219,329.4,330.76,328.98,330.38,329.4,330.76, MLO
1974,9,27287,1974.7068,327.44,330.5,327.35,330.43,327.44,330.5, MLO
1974,10,27317,1974.789,327.38,330.53,327.34,330.48,327.38,330.53, MLO
1974,11,27348,1974.874,328.46,330.44,328.58,330.54,328.46,330.44, MLO
1974,12,27378,1974.9562,329.58,330.38,329.81,330.6,329.58,330.38, MLO
1975,1,27409,1975.0411,330.41,330.35,330.74,330.67,330.41,330.35, MLO
1975,2,27440,1975.126,331.41,330.73,331.44,330.75,331.41,330.73, MLO
1975,3,27468,1975.2027,332.05,330.7,332.19,330.83,332.05,330.7, MLO
1975,4,27499,1975.2877,333.32,330.89,333.36,330.92,333.32,330.89, MLO
1975,5,27529,1975.3699,333.98,331.01,333.99,331.02,333.98,331.01, MLO
1975,6,27560,1975.4548,333.62,331.36,333.36,331.12,333.62,331.36, MLO
1975,7,27590,1975.537,331.91,331.21,331.89,331.21,331.91,331.21, MLO
1975,8,27621,1975.6219,330.06,331.43,329.91,331.31,330.06,331.43, MLO
1975,9,27652,1975.7068,328.56,331.63,328.32,331.4,328.56,331.63, MLO
1975,10,27682,1975.789,328.35,331.51,328.34,331.48,328.35,331.51, MLO
1975,11,27713,1975.874,329.5,331.48,329.61,331.57,329.5,331.48, MLO
1975,12,27743,1975.9562,330.77,331.58,330.86,331.65,330.77,331.58, MLO
1976,1,27774,1976.041,331.76,331.7,331.8,331.73,331.76,331.7, MLO
1976,2,27805,1976.1257,332.58,331.89,332.5,331.81,332.58,331.89, MLO
1976,3,27834,1976.2049,333.5,332.13,333.28,331.89,333.5,332.13, MLO
1976,4,27865,1976.2896,334.59,332.14,334.43,331.96,334.59,332.14, MLO
1976,5,27895,1976.3716,334.89,331.91,335.02,332.04,334.89,331.91, MLO
1976,6,27926,1976.4563,334.34,332.1,334.35,332.13,334.34,332.1, MLO
1976,7,27956,1976.5383,333.06,332.39,332.86,332.21,333.06,332.39, MLO
1976,8,27987,1976.623,330.95,332.35,330.88,332.31,330.95,332.35, MLO
1976,9,28018,1976.7077,329.31,332.4,329.31,332.41,329.31,332.4, MLO
1976,10,28048,1976.7896,328.95,332.11,329.37,332.52,328.95,332.11, MLO
1976,11,28079,1976.8743,330.32,332.3,330.69,332.65,330.32,332.3, MLO
1976,12,28109,1976.9563,331.69,332.5,332,332.79,331.69,332.5, MLO
1977,1,28140,1977.0411,332.94,332.88,333.02,332.95,332.94,332.88, MLO
1977,2,28171,1977.126,333.43,332.74,333.82,333.12,333.43,332.74, MLO
1977,3,28199,1977.2027,334.71,333.36,334.66,333.29,334.71,333.36, MLO
1977,4,28230,1977.2877,336.08,333.64,335.92,333.47,336.08,333.64, MLO
1977,5,28260,1977.3699,336.76,333.77,336.64,333.65,336.76,333.77, MLO
1977,6,28291,1977.4548,336.28,334,336.08,333.83,336.28,334, MLO
1977,7,28321,1977.537,334.93,334.22,334.68,334,334.93,334.22, MLO
1977,8,28352,1977.6219,332.76,334.14,332.76,334.17,332.76,334.14, MLO
1977,9,28383,1977.7068,331.6,334.69,331.23,334.32,331.6,334.69, MLO
1977,10,28413,1977.789,331.17,334.35,331.3,334.47,331.17,334.35, MLO
1977,11,28444,1977.874,332.41,334.4,332.64,334.61,332.41,334.4, MLO
1977,12,28474,1977.9562,333.86,334.67,333.95,334.75,333.86,334.67, MLO
1978,1,28505,1978.0411,334.98,334.92,334.96,334.89,334.98,334.92, MLO
1978,2,28536,1978.126,335.4,334.71,335.72,335.02,335.4,334.71, MLO
1978,3,28564,1978.2027,336.65,335.29,336.52,335.14,336.65,335.29, MLO
1978,4,28595,1978.2877,337.76,335.32,337.73,335.27,337.76,335.32, MLO
1978,5,28625,1978.3699,338.02,335.02,338.38,335.39,338.02,335.02, MLO
1978,6,28656,1978.4548,337.91,335.63,337.76,335.5,337.91,335.63, MLO
1978,7,28686,1978.537,336.55,335.84,336.29,335.61,336.55,335.84, MLO
1978,8,28717,1978.6219,334.69,336.07,334.3,335.71,334.69,336.07, MLO
1978,9,28748,1978.7068,332.77,335.86,332.7,335.81,332.77,335.86, MLO
1978,10,28778,1978.789,332.56,335.74,332.73,335.91,332.56,335.74, MLO
1978,11,28809,1978.874,333.93,335.93,334.03,336,333.93,335.93, MLO
1978,12,28839,1978.9562,334.96,335.77,335.3,336.1,334.96,335.77, MLO
1979,1,28870,1979.0411,336.24,336.18,336.28,336.21,336.24,336.18, MLO
1979,2,28901,1979.126,336.77,336.08,337.02,336.32,336.77,336.08, MLO
1979,3,28929,1979.2027,337.97,336.61,337.81,336.43,337.97,336.61, MLO
1979,4,28960,1979.2877,338.89,336.44,339.02,336.56,338.89,336.44, MLO
1979,5,28990,1979.3699,339.48,336.48,339.69,336.68,339.48,336.48, MLO
1979,6,29021,1979.4548,339.3,337.01,339.09,336.82,339.3,337.01, MLO
1979,7,29051,1979.537,337.74,337.03,337.63,336.95,337.74,337.03, MLO
1979,8,29082,1979.6219,336.1,337.48,335.68,337.1,336.1,337.48, MLO
1979,9,29113,1979.7068,333.93,337.03,334.12,337.24,333.93,337.03, MLO
1979,10,29143,1979.789,333.87,337.07,334.2,337.39,333.87,337.07, MLO
1979,11,29174,1979.874,335.3,337.31,335.56,337.54,335.3,337.31, MLO
1979,12,29204,1979.9562,336.74,337.56,336.9,337.7,336.74,337.56, MLO
1980,1,29235,1980.041,338.03,337.97,337.94,337.87,338.03,337.97, MLO
1980,2,29266,1980.1257,338.37,337.68,338.74,338.03,338.37,337.68, MLO
1980,3,29295,1980.2049,340.09,338.69,339.6,338.19,340.09,338.69, MLO
1980,4,29326,1980.2896,340.78,338.3,340.85,338.35,340.78,338.3, MLO
1980,5,29356,1980.3716,341.48,338.47,341.52,338.5,341.48,338.47, MLO
1980,6,29387,1980.4563,341.19,338.91,340.9,338.65,341.19,338.91, MLO
1980,7,29417,1980.5383,339.57,338.89,339.44,338.78,339.57,338.89, MLO
1980,8,29448,1980.623,337.61,339.02,337.47,338.92,337.61,339.02, MLO
1980,9,29479,1980.7077,335.9,339.02,335.9,339.04,335.9,339.02, MLO
1980,10,29509,1980.7896,336.03,339.23,335.96,339.15,336.03,339.23, MLO
1980,11,29540,1980.8743,337.12,339.12,337.28,339.26,337.12,339.12, MLO
1980,12,29570,1980.9563,338.23,339.05,338.56,339.36,338.23,339.05, MLO
1981,1,29601,1981.0411,339.25,339.19,339.54,339.47,339.25,339.19, MLO
1981,2,29632,1981.126,340.5,339.8,340.27,339.57,340.5,339.8, MLO
1981,3,29660,1981.2027,341.4,340.03,341.04,339.66,341.4,340.03, MLO
1981,4,29691,1981.2877,342.52,340.06,342.23,339.75,342.52,340.06, MLO
1981,5,29721,1981.3699,342.93,339.91,342.86,339.83,342.93,339.91, MLO
1981,6,29752,1981.4548,342.27,339.97,342.2,339.92,342.27,339.97, MLO
1981,7,29782,1981.537,340.5,339.79,340.69,340,340.5,339.79, MLO
1981,8,29813,1981.6219,338.45,339.84,338.67,340.09,338.45,339.84, MLO
1981,9,29844,1981.7068,336.71,339.83,337.05,340.19,336.71,339.83, MLO
1981,10,29874,1981.789,336.88,340.09,337.09,340.29,336.88,340.09, MLO
1981,11,29905,1981.874,338.38,340.4,338.41,340.4,338.38,340.4, MLO
1981,12,29935,1981.9562,339.63,340.45,339.7,340.51,339.63,340.45, MLO
1982,1,29966,1982.0411,340.77,340.71,340.69,340.61,340.77,340.71, MLO
1982,2,29997,1982.126,341.63,340.94,341.43,340.72,341.63,340.94, MLO
1982,3,30025,1982.2027,342.72,341.34,342.2,340.81,342.72,341.34, MLO
1982,4,30056,1982.2877,343.59,341.11,343.39,340.9,343.59,341.11, MLO
1982,5,30086,1982.3699,344.16,341.12,344.02,340.98,344.16,341.12, MLO
1982,6,30117,1982.4548,343.37,341.06,343.35,341.06,343.37,341.06, MLO
1982,7,30147,1982.537,342.07,341.36,341.83,341.14,342.07,341.36, MLO
1982,8,30178,1982.6219,339.83,341.22,339.79,341.22,339.83,341.22, MLO
1982,9,30209,1982.7068,338,341.13,338.16,341.31,338,341.13, MLO
1982,10,30239,1982.789,337.88,341.11,338.19,341.41,337.88,341.11, MLO
1982,11,30270,1982.874,339.28,341.3,339.52,341.52,339.28,341.3, MLO
1982,12,30300,1982.9562,340.51,341.33,340.84,341.65,340.51,341.33, MLO
1983,1,30331,1983.0411,341.4,341.33,341.88,341.8,341.4,341.33, MLO
1983,2,30362,1983.126,342.54,341.84,342.68,341.97,342.54,341.84, MLO
1983,3,30390,1983.2027,343.12,341.74,343.54,342.14,343.12,341.74, MLO
1983,4,30421,1983.2877,344.96,342.48,344.83,342.33,344.96,342.48, MLO
1983,5,30451,1983.3699,345.77,342.73,345.56,342.52,345.77,342.73, MLO
1983,6,30482,1983.4548,345.34,343.02,345.01,342.71,345.34,343.02, MLO
1983,7,30512,1983.537,344,343.28,343.58,342.89,344,343.28, MLO
1983,8,30543,1983.6219,342.4,343.8,341.63,343.06,342.4,343.8, MLO
1983,9,30574,1983.7068,339.89,343.02,340.07,343.23,339.89,343.02, MLO
1983,10,30604,1983.789,340.01,343.24,340.16,343.38,340.01,343.24, MLO
1983,11,30635,1983.874,341.16,343.19,341.53,343.53,341.16,343.19, MLO
1983,12,30665,1983.9562,342.99,343.81,342.86,343.67,342.99,343.81, MLO
1984,1,30696,1984.041,343.82,343.76,343.89,343.82,343.82,343.76, MLO
1984,2,30727,1984.1257,344.62,343.92,344.67,343.96,344.62,343.92, MLO
1984,3,30756,1984.2049,345.38,343.98,345.51,344.08,345.38,343.98, MLO
1984,4,30787,1984.2896,347.15,344.64,346.74,344.22,347.15,344.64, MLO
1984,5,30817,1984.3716,347.52,344.47,347.39,344.34,347.52,344.47, MLO
1984,6,30848,1984.4563,346.88,344.58,346.74,344.46,346.88,344.58, MLO
1984,7,30878,1984.5383,345.47,344.78,345.24,344.57,345.47,344.78, MLO
1984,8,30909,1984.623,343.34,344.77,343.22,344.69,343.34,344.77, MLO
1984,9,30940,1984.7077,341.13,344.29,341.63,344.8,341.13,344.29, MLO
1984,10,30970,1984.7896,341.4,344.64,341.69,344.92,341.4,344.64, MLO
1984,11,31001,1984.8743,343.02,345.05,343.03,345.04,343.02,345.05, MLO
1984,12,31031,1984.9563,344.25,345.08,344.35,345.16,344.25,345.08, MLO
1985,1,31062,1985.0411,344.99,344.93,345.36,345.28,344.99,344.93, MLO
1985,2,31093,1985.126,346.01,345.31,346.12,345.41,346.01,345.31, MLO
1985,3,31121,1985.2027,347.43,346.04,346.92,345.52,347.43,346.04, MLO
1985,4,31152,1985.2877,348.34,345.85,348.14,345.63,348.34,345.85, MLO
1985,5,31182,1985.3699,348.92,345.86,348.79,345.73,348.92,345.86, MLO
1985,6,31213,1985.4548,348.24,345.91,348.13,345.83,348.24,345.91, MLO
1985,7,31243,1985.537,346.54,345.81,346.61,345.92,346.54,345.81, MLO
1985,8,31274,1985.6219,344.64,346.05,344.56,346,344.64,346.05, MLO
1985,9,31305,1985.7068,343.06,346.21,342.92,346.09,343.06,346.21, MLO
1985,10,31335,1985.789,342.78,346.03,342.93,346.17,342.78,346.03, MLO
1985,11,31366,1985.874,344.21,346.25,344.25,346.26,344.21,346.25, MLO
1985,12,31396,1985.9562,345.53,346.36,345.54,346.35,345.53,346.36, MLO
1986,1,31427,1986.0411,346.28,346.21,346.53,346.45,346.28,346.21, MLO
1986,2,31458,1986.126,346.93,346.23,347.28,346.56,346.93,346.23, MLO
1986,3,31486,1986.2027,347.83,346.44,348.08,346.67,347.83,346.44, MLO
1986,4,31517,1986.2877,349.53,347.03,349.32,346.8,349.53,347.03, MLO
1986,5,31547,1986.3699,350.19,347.12,349.99,346.92,350.19,347.12, MLO
1986,6,31578,1986.4548,349.54,347.2,349.36,347.05,349.54,347.2, MLO
1986,7,31608,1986.537,347.92,347.19,347.87,347.18,347.92,347.19, MLO
1986,8,31639,1986.6219,345.88,347.29,345.86,347.3,345.88,347.29, MLO
1986,9,31670,1986.7068,344.83,348,344.25,347.43,344.83,348, MLO
1986,10,31700,1986.789,344.16,347.42,344.31,347.56,344.16,347.42, MLO
1986,11,31731,1986.874,345.64,347.68,345.67,347.69,345.64,347.68, MLO
1986,12,31761,1986.9562,346.88,347.71,347.01,347.82,346.88,347.71, MLO
1987,1,31792,1987.0411,348,347.94,348.04,347.97,348,347.94, MLO
1987,2,31823,1987.126,348.47,347.76,348.84,348.12,348.47,347.76, MLO
1987,3,31851,1987.2027,349.41,348.01,349.68,348.27,349.41,348.01, MLO
1987,4,31882,1987.2877,350.97,348.46,350.97,348.44,350.97,348.46, MLO
1987,5,31912,1987.3699,351.84,348.76,351.69,348.62,351.84,348.76, MLO
1987,6,31943,1987.4548,351.25,348.91,351.12,348.8,351.25,348.91, MLO
1987,7,31973,1987.537,349.5,348.77,349.68,348.99,349.5,348.77, MLO
1987,8,32004,1987.6219,348.08,349.5,347.73,349.18,348.08,349.5, MLO
1987,9,32035,1987.7068,346.44,349.61,346.19,349.38,346.44,349.61, MLO
1987,10,32065,1987.789,346.09,349.37,346.31,349.57,346.09,349.37, MLO
1987,11,32096,1987.874,347.54,349.59,347.74,349.77,347.54,349.59, MLO
1987,12,32126,1987.9562,348.69,349.53,349.15,349.97,348.69,349.53, MLO
1988,1,32157,1988.041,350.16,350.1,350.25,350.18,350.16,350.1, MLO
1988,2,32188,1988.1257,351.47,350.76,351.11,350.39,351.47,350.76, MLO
1988,3,32217,1988.2049,351.96,350.53,352.02,350.58,351.96,350.53, MLO
1988,4,32248,1988.2896,353.33,350.79,353.34,350.78,353.33,350.79, MLO
1988,5,32278,1988.3716,353.97,350.88,354.05,350.97,353.97,350.88, MLO
1988,6,32309,1988.4563,353.55,351.23,353.46,351.16,353.55,351.23, MLO
1988,7,32339,1988.5383,352.14,351.44,352,351.33,352.14,351.44, MLO
1988,8,32370,1988.623,350.19,351.64,350.02,351.5,350.19,351.64, MLO
1988,9,32401,1988.7077,348.5,351.69,348.45,351.65,348.5,351.69, MLO
1988,10,32431,1988.7896,348.66,351.94,348.53,351.8,348.66,351.94, MLO
1988,11,32462,1988.8743,349.85,351.9,349.9,351.93,349.85,351.9, MLO
1988,12,32492,1988.9563,351.12,351.96,351.23,352.05,351.12,351.96, MLO
1989,1,32523,1989.0411,352.55,352.49,352.25,352.17,352.55,352.49, MLO
1989,2,32554,1989.126,352.86,352.15,353.01,352.29,352.86,352.15, MLO
1989,3,32582,1989.2027,353.48,352.07,353.81,352.39,353.48,352.07, MLO
1989,4,32613,1989.2877,355.21,352.69,355.03,352.49,355.21,352.69, MLO
1989,5,32643,1989.3699,355.47,352.38,355.69,352.59,355.47,352.38, MLO
1989,6,32674,1989.4548,354.92,352.57,355.03,352.69,354.92,352.57, MLO
1989,7,32704,1989.537,353.7,352.96,353.49,352.79,353.7,352.96, MLO
1989,8,32735,1989.6219,351.47,352.89,351.43,352.89,351.47,352.89, MLO
1989,9,32766,1989.7068,349.61,352.8,349.78,352.99,349.61,352.8, MLO
1989,10,32796,1989.789,349.79,353.08,349.81,353.08,349.79,353.08, MLO
1989,11,32827,1989.874,351.1,353.16,351.15,353.18,351.1,353.16, MLO
1989,12,32857,1989.9562,352.32,353.17,352.46,353.28,352.32,353.17, MLO
1990,1,32888,1990.0411,353.46,353.4,353.46,353.39,353.46,353.4, MLO
1990,2,32919,1990.126,354.5,353.79,354.21,353.49,354.5,353.79, MLO
1990,3,32947,1990.2027,355.19,353.78,355.01,353.58,355.19,353.78, MLO
1990,4,32978,1990.2877,356,353.47,356.24,353.69,356,353.47, MLO
1990,5,33008,1990.3699,356.96,353.86,356.9,353.79,356.96,353.86, MLO
1990,6,33039,1990.4548,356.04,353.68,356.25,353.91,356.04,353.68, MLO
1990,7,33069,1990.537,354.62,353.89,354.73,354.03,354.62,353.89, MLO
1990,8,33100,1990.6219,352.71,354.14,352.7,354.16,352.71,354.14, MLO
1990,9,33131,1990.7068,350.77,353.98,351.08,354.3,350.77,353.98, MLO
1990,10,33161,1990.789,350.99,354.29,351.15,354.44,350.99,354.29, MLO
1990,11,33192,1990.874,352.64,354.7,352.55,354.59,352.64,354.7, MLO
1990,12,33222,1990.9562,354.02,354.86,353.91,354.73,354.02,354.86, MLO
1991,1,33253,1991.0411,354.53,354.46,354.95,354.88,354.53,354.46, MLO
1991,2,33284,1991.126,355.55,354.84,355.75,355.02,355.55,354.84, MLO
1991,3,33312,1991.2027,356.96,355.55,356.57,355.14,356.96,355.55, MLO
1991,4,33343,1991.2877,358.4,355.86,357.81,355.25,358.4,355.86, MLO
1991,5,33373,1991.3699,359.14,356.03,358.46,355.35,359.14,356.03, MLO
1991,6,33404,1991.4548,358.04,355.68,357.77,355.43,358.04,355.68, MLO
1991,7,33434,1991.537,355.98,355.24,356.2,355.49,355.98,355.24, MLO
1991,8,33465,1991.6219,353.81,355.24,354.08,355.55,353.81,355.24, MLO
1991,9,33496,1991.7068,351.95,355.16,352.38,355.61,351.95,355.16, MLO
1991,10,33526,1991.789,352.02,355.33,352.37,355.67,352.02,355.33, MLO
1991,11,33557,1991.874,353.55,355.62,353.68,355.73,353.55,355.62, MLO
1991,12,33587,1991.9562,354.79,355.64,354.97,355.8,354.79,355.64, MLO
1992,1,33618,1992.041,355.79,355.72,355.94,355.87,355.79,355.72, MLO
1992,2,33649,1992.1257,356.52,355.81,356.66,355.94,356.52,355.81, MLO
1992,3,33678,1992.2049,357.61,356.17,357.46,356,357.61,356.17, MLO
1992,4,33709,1992.2896,358.95,356.38,358.65,356.07,358.95,356.38, MLO
1992,5,33739,1992.3716,359.46,356.34,359.24,356.12,359.46,356.34, MLO
1992,6,33770,1992.4563,359.05,356.7,358.49,356.16,359.05,356.7, MLO
1992,7,33800,1992.5383,356.82,356.11,356.88,356.2,356.82,356.11, MLO
1992,8,33831,1992.623,354.8,356.26,354.73,356.23,354.8,356.26, MLO
1992,9,33862,1992.7077,352.81,356.04,353.02,356.26,352.81,356.04, MLO
1992,10,33892,1992.7896,353.11,356.42,352.99,356.29,353.11,356.42, MLO
1992,11,33923,1992.8743,353.96,356.04,354.28,356.33,353.96,356.04, MLO
1992,12,33953,1992.9563,355.2,356.05,355.55,356.37,355.2,356.05, MLO
1993,1,33984,1993.0411,356.5,356.44,356.5,356.43,356.5,356.44, MLO
1993,2,34015,1993.126,356.97,356.25,357.22,356.49,356.97,356.25, MLO
1993,3,34043,1993.2027,358.18,356.76,357.99,356.55,358.18,356.76, MLO
1993,4,34074,1993.2877,359.26,356.71,359.2,356.63,359.26,356.71, MLO
1993,5,34104,1993.3699,360.08,356.95,359.84,356.71,360.08,356.95, MLO
1993,6,34135,1993.4548,359.4,357.02,359.16,356.81,359.4,357.02, MLO
1993,7,34165,1993.537,357.38,356.63,357.61,356.9,357.38,356.63, MLO
1993,8,34196,1993.6219,355.33,356.76,355.54,357.02,355.33,356.76, MLO
1993,9,34227,1993.7068,353.5,356.73,353.9,357.14,353.5,356.73, MLO
1993,10,34257,1993.789,353.8,357.12,353.97,357.28,353.8,357.12, MLO
1993,11,34288,1993.874,355.15,357.23,355.37,357.44,355.15,357.23, MLO
1993,12,34318,1993.9562,356.62,357.47,356.76,357.59,356.62,357.47, MLO
1994,1,34349,1994.0411,358.19,358.13,357.84,357.76,358.19,358.13, MLO
1994,2,34380,1994.126,358.73,358.01,358.67,357.93,358.73,358.01, MLO
1994,3,34408,1994.2027,359.79,358.37,359.53,358.09,359.79,358.37, MLO
1994,4,34439,1994.2877,361.09,358.53,360.83,358.26,361.09,358.53, MLO
1994,5,34469,1994.3699,361.51,358.38,361.56,358.42,361.51,358.38, MLO
1994,6,34500,1994.4548,360.78,358.39,360.96,358.59,360.78,358.39, MLO
1994,7,34530,1994.537,359.38,358.63,359.47,358.76,359.38,358.63, MLO
1994,8,34561,1994.6219,357.31,358.75,357.45,358.93,357.31,358.75, MLO
1994,9,34592,1994.7068,355.68,358.92,355.86,359.11,355.68,358.92, MLO
1994,10,34622,1994.789,355.83,359.17,355.96,359.29,355.83,359.17, MLO
1994,11,34653,1994.874,357.42,359.51,357.4,359.47,357.42,359.51, MLO
1994,12,34683,1994.9562,358.87,359.73,358.82,359.65,358.87,359.73, MLO
1995,1,34714,1995.0411,359.81,359.75,359.91,359.84,359.81,359.75, MLO
1995,2,34745,1995.126,360.84,360.12,360.75,360.02,360.84,360.12, MLO
1995,3,34773,1995.2027,361.48,360.05,361.63,360.18,361.48,360.05, MLO
1995,4,34804,1995.2877,363.3,360.73,362.94,360.36,363.3,360.73, MLO
1995,5,34834,1995.3699,363.64,360.5,363.67,360.52,363.64,360.5, MLO
1995,6,34865,1995.4548,363.11,360.72,363.06,360.69,363.11,360.72, MLO
1995,7,34895,1995.537,361.75,361,361.56,360.85,361.75,361, MLO
1995,8,34926,1995.6219,359.31,360.75,359.53,361.01,359.31,360.75, MLO
1995,9,34957,1995.7068,357.91,361.16,357.91,361.17,357.91,361.16, MLO
1995,10,34987,1995.789,357.62,360.96,358,361.33,357.62,360.96, MLO
1995,11,35018,1995.874,359.42,361.52,359.42,361.49,359.42,361.52, MLO
1995,12,35048,1995.9562,360.56,361.41,360.81,361.65,360.56,361.41, MLO
1996,1,35079,1996.041,361.91,361.85,361.88,361.8,361.91,361.85, MLO
1996,2,35110,1996.1257,363.11,362.38,362.68,361.95,363.11,362.38, MLO
1996,3,35139,1996.2049,363.89,362.43,363.55,362.08,363.89,362.43, MLO
1996,4,35170,1996.2896,364.58,361.98,364.82,362.21,364.58,361.98, MLO
1996,5,35200,1996.3716,365.29,362.13,365.47,362.32,365.29,362.13, MLO
1996,6,35231,1996.4563,364.84,362.47,364.79,362.43,364.84,362.47, MLO
1996,7,35261,1996.5383,363.52,362.8,363.21,362.53,363.52,362.8, MLO
1996,8,35292,1996.623,361.35,362.82,361.11,362.62,361.35,362.82, MLO
1996,9,35323,1996.7077,359.32,362.58,359.43,362.71,359.32,362.58, MLO
1996,10,35353,1996.7896,359.48,362.83,359.45,362.79,359.48,362.83, MLO
1996,11,35384,1996.8743,360.64,362.73,360.8,362.87,360.64,362.73, MLO
1996,12,35414,1996.9563,362.21,363.06,362.11,362.95,362.21,363.06, MLO
1997,1,35445,1997.0411,363.06,363,363.11,363.03,363.06,363, MLO
1997,2,35476,1997.126,363.87,363.14,363.86,363.12,363.87,363.14, MLO
1997,3,35504,1997.2027,364.44,363.01,364.66,363.21,364.44,363.01, MLO
1997,4,35535,1997.2877,366.23,363.65,365.92,363.32,366.23,363.65, MLO
1997,5,35565,1997.3699,366.68,363.51,366.6,363.43,366.68,363.51, MLO
1997,6,35596,1997.4548,365.52,363.11,365.96,363.57,365.52,363.11, MLO
1997,7,35626,1997.537,364.36,363.61,364.44,363.72,364.36,363.61, MLO
1997,8,35657,1997.6219,362.39,363.84,362.41,363.9,362.39,363.84, MLO
1997,9,35688,1997.7068,360.08,363.34,360.82,364.1,360.08,363.34, MLO
1997,10,35718,1997.789,360.67,364.03,360.96,364.32,360.67,364.03, MLO
1997,11,35749,1997.874,362.32,364.43,362.47,364.56,362.32,364.43, MLO
1997,12,35779,1997.9562,364.17,365.03,363.97,364.81,364.17,365.03, MLO
1998,1,35810,1998.0411,365.22,365.16,365.15,365.08,365.22,365.16, MLO
1998,2,35841,1998.126,366.04,365.31,366.09,365.35,366.04,365.31, MLO
1998,3,35869,1998.2027,367.2,365.76,367.06,365.6,367.2,365.76, MLO
1998,4,35900,1998.2877,368.5,365.91,368.48,365.88,368.5,365.91, MLO
1998,5,35930,1998.3699,369.19,366.01,369.31,366.14,369.19,366.01, MLO
1998,6,35961,1998.4548,368.77,366.35,368.8,366.4,368.77,366.35, MLO
1998,7,35991,1998.537,367.53,366.78,367.36,366.64,367.53,366.78, MLO
1998,8,36022,1998.6219,365.67,367.13,365.38,366.88,365.67,367.13, MLO
1998,9,36053,1998.7068,363.8,367.08,363.81,367.1,363.8,367.08, MLO
1998,10,36083,1998.789,364.14,367.51,363.93,367.29,364.14,367.51, MLO
1998,11,36114,1998.874,365.36,367.47,365.37,367.46,365.36,367.47, MLO
1998,12,36144,1998.9562,366.87,367.73,366.77,367.62,366.87,367.73, MLO
1999,1,36175,1999.0411,368.05,367.99,367.83,367.75,368.05,367.99, MLO
1999,2,36206,1999.126,368.77,368.04,368.61,367.87,368.77,368.04, MLO
1999,3,36234,1999.2027,369.49,368.05,369.41,367.95,369.49,368.05, MLO
1999,4,36265,1999.2877,371.04,368.44,370.65,368.04,371.04,368.44, MLO
1999,5,36295,1999.3699,370.9,367.72,371.29,368.11,370.9,367.72, MLO
1999,6,36326,1999.4548,370.25,367.83,370.58,368.18,370.25,367.83, MLO
1999,7,36356,1999.537,369.17,368.41,368.97,368.25,369.17,368.41, MLO
1999,8,36387,1999.6219,366.83,368.29,366.82,368.32,366.83,368.29, MLO
1999,9,36418,1999.7068,364.54,367.82,365.09,368.39,364.54,367.82, MLO
1999,10,36448,1999.789,365.04,368.42,365.1,368.47,365.04,368.42, MLO
1999,11,36479,1999.874,366.58,368.7,366.46,368.56,366.58,368.7, MLO
1999,12,36509,1999.9562,367.91,368.78,367.8,368.64,367.91,368.78, MLO
2000,1,36540,2000.041,369.05,368.99,368.81,368.74,369.05,368.99, MLO
2000,2,36571,2000.1257,369.37,368.64,369.57,368.83,369.37,368.64, MLO
2000,3,36600,2000.2049,370.42,368.95,370.42,368.93,370.42,368.95, MLO
2000,4,36631,2000.2896,371.57,368.94,371.68,369.04,371.57,368.94, MLO
2000,5,36661,2000.3716,371.74,368.55,372.34,369.15,371.74,368.55, MLO
2000,6,36692,2000.4563,371.6,369.2,371.67,369.28,371.6,369.2, MLO
2000,7,36722,2000.5383,370.02,369.3,370.11,369.42,370.02,369.3, MLO
2000,8,36753,2000.623,368.03,369.52,368.03,369.56,368.03,369.52, MLO
2000,9,36784,2000.7077,366.53,369.83,366.39,369.71,366.53,369.83, MLO
2000,10,36814,2000.7896,366.64,370.03,366.47,369.85,366.64,370.03, MLO
2000,11,36845,2000.8743,368.2,370.32,367.89,369.99,368.2,370.32, MLO
2000,12,36875,2000.9563,369.44,370.31,369.27,370.12,369.44,370.31, MLO
2001,1,36906,2001.0411,370.2,370.13,370.32,370.24,370.2,370.13, MLO
2001,2,36937,2001.126,371.42,370.68,371.12,370.37,371.42,370.68, MLO
2001,3,36965,2001.2027,372.04,370.59,371.95,370.48,372.04,370.59, MLO
2001,4,36996,2001.2877,372.78,370.17,373.22,370.6,372.78,370.17, MLO
2001,5,37026,2001.3699,373.94,370.74,373.92,370.72,373.94,370.74, MLO
2001,6,37057,2001.4548,373.23,370.8,373.26,370.85,373.23,370.8, MLO
2001,7,37087,2001.537,371.54,370.78,371.71,370.98,371.54,370.78, MLO
2001,8,37118,2001.6219,369.47,370.94,369.62,371.13,369.47,370.94, MLO
2001,9,37149,2001.7068,367.88,371.18,367.96,371.28,367.88,371.18, MLO
2001,10,37179,2001.789,368.02,371.42,368.04,371.43,368.02,371.42, MLO
2001,11,37210,2001.874,369.6,371.73,369.49,371.6,369.6,371.73, MLO
2001,12,37240,2001.9562,371.15,372.02,370.91,371.76,371.15,372.02, MLO
2002,1,37271,2002.0411,372.36,372.29,372.01,371.93,372.36,372.29, MLO
2002,2,37302,2002.126,373,372.26,372.85,372.11,373,372.26, MLO
2002,3,37330,2002.2027,373.44,371.98,373.74,372.27,373.44,371.98, MLO
2002,4,37361,2002.2877,374.77,372.16,375.09,372.46,374.77,372.16, MLO
2002,5,37391,2002.3699,375.48,372.27,375.86,372.65,375.48,372.27, MLO
2002,6,37422,2002.4548,375.34,372.89,375.28,372.86,375.34,372.89, MLO
2002,7,37452,2002.537,373.95,373.19,373.8,373.07,373.95,373.19, MLO
2002,8,37483,2002.6219,371.41,372.88,371.79,373.3,371.41,372.88, MLO
2002,9,37514,2002.7068,370.63,373.94,370.21,373.53,370.63,373.94, MLO
2002,10,37544,2002.789,370.18,373.59,370.36,373.76,370.18,373.59, MLO
2002,11,37575,2002.874,372.01,374.15,371.88,373.99,372.01,374.15, MLO
2002,12,37605,2002.9562,373.71,374.58,373.36,374.22,373.71,374.58, MLO
2003,1,37636,2003.0411,374.61,374.55,374.52,374.44,374.61,374.55, MLO
2003,2,37667,2003.126,375.55,374.81,375.41,374.66,375.55,374.81, MLO
2003,3,37695,2003.2027,376.04,374.58,376.33,374.86,376.04,374.58, MLO
2003,4,37726,2003.2877,377.58,374.95,377.71,375.07,377.58,374.95, MLO
2003,5,37756,2003.3699,378.28,375.06,378.49,375.27,378.28,375.06, MLO
2003,6,37787,2003.4548,378.07,375.62,377.9,375.48,378.07,375.62, MLO
2003,7,37817,2003.537,376.54,375.78,376.4,375.67,376.54,375.78, MLO
2003,8,37848,2003.6219,374.42,375.9,374.34,375.86,374.42,375.9, MLO
2003,9,37879,2003.7068,372.92,376.24,372.7,376.04,372.92,376.24, MLO
2003,10,37909,2003.789,372.94,376.36,372.8,376.2,372.94,376.36, MLO
2003,11,37940,2003.874,374.29,376.43,374.25,376.37,374.29,376.43, MLO
2003,12,37970,2003.9562,375.63,376.5,375.65,376.51,375.63,376.5, MLO
2004,1,38001,2004.041,376.73,376.66,376.73,376.65,376.73,376.66, MLO
2004,2,38032,2004.1257,377.31,376.57,377.54,376.79,377.31,376.57, MLO
2004,3,38061,2004.2049,378.33,376.85,378.41,376.91,378.33,376.85, MLO
2004,4,38092,2004.2896,380.44,377.78,379.7,377.03,380.44,377.78, MLO
2004,5,38122,2004.3716,380.56,377.33,380.37,377.14,380.56,377.33, MLO
2004,6,38153,2004.4563,379.49,377.06,379.67,377.26,379.49,377.06, MLO
2004,7,38183,2004.5383,377.71,376.97,378.08,377.38,377.71,376.97, MLO
2004,8,38214,2004.623,375.77,377.28,375.97,377.52,375.77,377.28, MLO
2004,9,38245,2004.7077,373.99,377.33,374.32,377.67,373.99,377.33, MLO
2004,10,38275,2004.7896,374.17,377.6,374.42,377.83,374.17,377.6, MLO
2004,11,38306,2004.8743,375.79,377.94,375.9,378.02,375.79,377.94, MLO
2004,12,38336,2004.9563,377.39,378.27,377.35,378.21,377.39,378.27, MLO
2005,1,38367,2005.0411,378.29,378.22,378.49,378.41,378.29,378.22, MLO
2005,2,38398,2005.126,379.56,378.81,379.38,378.62,379.56,378.81, MLO
2005,3,38426,2005.2027,380.07,378.6,380.31,378.82,380.07,378.6, MLO
2005,4,38457,2005.2877,382.01,379.38,381.7,379.04,382.01,379.38, MLO
2005,5,38487,2005.3699,382.21,378.97,382.5,379.26,382.21,378.97, MLO
2005,6,38518,2005.4548,382.05,379.59,381.92,379.48,382.05,379.59, MLO
2005,7,38548,2005.537,380.63,379.87,380.42,379.69,380.63,379.87, MLO
2005,8,38579,2005.6219,378.63,380.12,378.38,379.91,378.63,380.12, MLO
2005,9,38610,2005.7068,376.39,379.72,376.76,380.12,376.39,379.72, MLO
2005,10,38640,2005.789,376.77,380.21,376.89,380.31,376.77,380.21, MLO
2005,11,38671,2005.874,378.27,380.43,378.38,380.51,378.27,380.43, MLO
2005,12,38701,2005.9562,379.93,380.8,379.84,380.7,379.93,380.8, MLO
2006,1,38732,2006.0411,381.33,381.27,380.96,380.88,381.33,381.27, MLO
2006,2,38763,2006.126,381.98,381.24,381.81,381.06,381.98,381.24, MLO
2006,3,38791,2006.2027,382.53,381.06,382.69,381.21,382.53,381.06, MLO
2006,4,38822,2006.2877,384.33,381.69,384.03,381.36,384.33,381.69, MLO
2006,5,38852,2006.3699,384.89,381.65,384.75,381.51,384.89,381.65, MLO
2006,6,38883,2006.4548,384,381.53,384.1,381.66,384,381.53, MLO
2006,7,38913,2006.537,382.25,381.48,382.53,381.8,382.25,381.48, MLO
2006,8,38944,2006.6219,380.44,381.93,380.42,381.95,380.44,381.93, MLO
2006,9,38975,2006.7068,378.77,382.11,378.73,382.1,378.77,382.11, MLO
2006,10,39005,2006.789,379.03,382.48,378.8,382.24,379.03,382.48, MLO
2006,11,39036,2006.874,380.11,382.27,380.25,382.39,380.11,382.27, MLO
2006,12,39066,2006.9562,381.63,382.51,381.67,382.54,381.63,382.51, MLO
2007,1,39097,2007.0411,382.55,382.49,382.77,382.69,382.55,382.49, MLO
2007,2,39128,2007.126,383.68,382.94,383.6,382.85,383.68,382.94, MLO
2007,3,39156,2007.2027,384.31,382.83,384.48,382.99,384.31,382.83, MLO
2007,4,39187,2007.2877,386.2,383.55,385.82,383.15,386.2,383.55, MLO
2007,5,39217,2007.3699,386.38,383.13,386.56,383.3,386.38,383.13, MLO
2007,6,39248,2007.4548,385.85,383.37,385.92,383.47,385.85,383.37, MLO
2007,7,39278,2007.537,384.42,383.65,384.36,383.62,384.42,383.65, MLO
2007,8,39309,2007.6219,381.81,383.31,382.25,383.79,381.81,383.31, MLO
2007,9,39340,2007.7068,380.83,384.19,380.58,383.95,380.83,384.19, MLO
2007,10,39370,2007.789,380.83,384.29,380.66,384.11,380.83,384.29, MLO
2007,11,39401,2007.874,382.32,384.49,382.12,384.26,382.32,384.49, MLO
2007,12,39431,2007.9562,383.58,384.46,383.54,384.41,383.58,384.46, MLO
2008,1,39462,2008.041,385.04,384.98,384.63,384.56,385.04,384.98, MLO
2008,2,39493,2008.1257,385.81,385.06,385.46,384.7,385.81,385.06, MLO
2008,3,39522,2008.2049,385.8,384.3,386.37,384.84,385.8,384.3, MLO
2008,4,39553,2008.2896,386.74,384.05,387.7,385,386.74,384.05, MLO
2008,5,39583,2008.3716,388.48,385.22,388.41,385.16,388.48,385.22, MLO
2008,6,39614,2008.4563,388.02,385.57,387.76,385.32,388.02,385.57, MLO
2008,7,39644,2008.5383,386.22,385.48,386.19,385.49,386.22,385.48, MLO
2008,8,39675,2008.623,384.05,385.58,384.09,385.66,384.05,385.58, MLO
2008,9,39706,2008.7077,383.05,386.43,382.43,385.82,383.05,386.43, MLO
2008,10,39736,2008.7896,382.75,386.21,382.53,385.98,382.75,386.21, MLO
2008,11,39767,2008.8743,383.98,386.15,383.99,386.14,383.98,386.15, MLO
2008,12,39797,2008.9563,385.08,385.97,385.42,386.29,385.08,385.97, MLO
2009,1,39828,2009.0411,386.63,386.56,386.52,386.45,386.63,386.56, MLO
2009,2,39859,2009.126,387.1,386.35,387.37,386.61,387.1,386.35, MLO
2009,3,39887,2009.2027,388.5,387.02,388.25,386.75,388.5,387.02, MLO
2009,4,39918,2009.2877,389.54,386.88,389.61,386.92,389.54,386.88, MLO
2009,5,39948,2009.3699,390.15,386.88,390.36,387.09,390.15,386.88, MLO
2009,6,39979,2009.4548,389.6,387.11,389.74,387.28,389.6,387.11, MLO
2009,7,40009,2009.537,388.05,387.28,388.2,387.46,388.05,387.28, MLO
2009,8,40040,2009.6219,386.06,387.57,386.12,387.66,386.06,387.57, MLO
2009,9,40071,2009.7068,384.64,388.01,384.49,387.88,384.64,388.01, MLO
2009,10,40101,2009.789,384.32,387.8,384.63,388.09,384.32,387.8, MLO
2009,11,40132,2009.874,386.05,388.23,386.16,388.31,386.05,388.23, MLO
2009,12,40162,2009.9562,387.48,388.37,387.67,388.54,387.48,388.37, MLO
2010,1,40193,2010.0411,388.55,388.49,388.84,388.77,388.55,388.49, MLO
2010,2,40224,2010.126,390.08,389.32,389.76,388.99,390.08,389.32, MLO
2010,3,40252,2010.2027,391.02,389.54,390.7,389.19,391.02,389.54, MLO
2010,4,40283,2010.2877,392.39,389.71,392.09,389.4,392.39,389.71, MLO
2010,5,40313,2010.3699,393.24,389.96,392.87,389.6,393.24,389.96, MLO
2010,6,40344,2010.4548,392.26,389.76,392.25,389.78,392.26,389.76, MLO
2010,7,40374,2010.537,390.35,389.57,390.7,389.96,390.35,389.57, MLO
2010,8,40405,2010.6219,388.53,390.04,388.58,390.13,388.53,390.04, MLO
2010,9,40436,2010.7068,386.85,390.23,386.9,390.3,386.85,390.23, MLO
2010,10,40466,2010.789,387.18,390.67,386.98,390.45,387.18,390.67, MLO
2010,11,40497,2010.874,388.69,390.88,388.44,390.6,388.69,390.88, MLO
2010,12,40527,2010.9562,389.83,390.73,389.87,390.74,389.83,390.73, MLO
2011,1,40558,2011.0411,391.33,391.26,390.96,390.88,391.33,391.26, MLO
2011,2,40589,2011.126,391.96,391.2,391.78,391.01,391.96,391.2, MLO
2011,3,40617,2011.2027,392.49,391,392.64,391.14,392.49,391, MLO
2011,4,40648,2011.2877,393.4,390.72,393.97,391.28,393.4,390.72, MLO
2011,5,40678,2011.3699,394.33,391.04,394.71,391.42,394.33,391.04, MLO
2011,6,40709,2011.4548,393.75,391.24,394.06,391.58,393.75,391.24, MLO
2011,7,40739,2011.537,392.64,391.86,392.49,391.75,392.64,391.86, MLO
2011,8,40770,2011.6219,390.25,391.76,390.37,391.92,390.25,391.76, MLO
2011,9,40801,2011.7068,389.05,392.44,388.7,392.1,389.05,392.44, MLO
2011,10,40831,2011.789,388.98,392.48,388.8,392.28,388.98,392.48, MLO
2011,11,40862,2011.874,390.3,392.49,390.3,392.47,390.3,392.49, MLO
2011,12,40892,2011.9562,391.86,392.75,391.77,392.65,391.86,392.75, MLO
2012,1,40923,2012.041,393.13,393.07,392.92,392.84,393.13,393.07, MLO
2012,2,40954,2012.1257,393.42,392.66,393.8,393.03,393.42,392.66, MLO
2012,3,40983,2012.2049,394.43,392.91,394.76,393.22,394.43,392.91, MLO
2012,4,41014,2012.2896,396.51,393.79,396.15,393.42,396.51,393.79, MLO
2012,5,41044,2012.3716,396.96,393.66,396.92,393.63,396.96,393.66, MLO
2012,6,41075,2012.4563,395.97,393.49,396.31,393.85,395.97,393.49, MLO
2012,7,41105,2012.5383,394.6,393.86,394.78,394.07,394.6,393.86, MLO
2012,8,41136,2012.623,392.61,394.15,392.72,394.3,392.61,394.15, MLO
2012,9,41167,2012.7077,391.2,394.61,391.12,394.54,391.2,394.61, MLO
2012,10,41197,2012.7896,391.09,394.59,391.29,394.78,391.09,394.59, MLO
2012,11,41228,2012.8743,393.03,395.22,392.86,395.02,393.03,395.22, MLO
2012,12,41258,2012.9563,394.42,395.31,394.38,395.25,394.42,395.31, MLO
2013,1,41289,2013.0411,395.69,395.63,395.57,395.49,395.69,395.63, MLO
2013,2,41320,2013.126,396.94,396.18,396.49,395.72,396.94,396.18, MLO
2013,3,41348,2013.2027,397.36,395.86,397.43,395.92,397.36,395.86, MLO
2013,4,41379,2013.2877,398.44,395.75,398.84,396.13,398.44,395.75, MLO
2013,5,41409,2013.3699,400.06,396.76,399.64,396.33,400.06,396.76, MLO
2013,6,41440,2013.4548,398.96,396.44,399.03,396.53,398.96,396.44, MLO
2013,7,41470,2013.537,397.45,396.67,397.47,396.72,397.45,396.67, MLO
2013,8,41501,2013.6219,395.48,397,395.36,396.92,395.48,397, MLO
2013,9,41532,2013.7068,393.47,396.88,393.68,397.1,393.47,396.88, MLO
2013,10,41562,2013.789,393.77,397.29,393.78,397.28,393.77,397.29, MLO
2013,11,41593,2013.874,395.27,397.48,395.29,397.47,395.27,397.48, MLO
2013,12,41623,2013.9562,396.9,397.8,396.76,397.64,396.9,397.8, MLO
2014,1,41654,2014.0411,398.01,397.94,397.89,397.81,398.01,397.94, MLO
2014,2,41685,2014.126,398.18,397.42,398.76,397.98,398.18,397.42, MLO
2014,3,41713,2014.2027,399.56,398.06,399.66,398.14,399.56,398.06, MLO
2014,4,41744,2014.2877,401.43,398.73,401.03,398.31,401.43,398.73, MLO
2014,5,41774,2014.3699,401.98,398.67,401.78,398.46,401.98,398.67, MLO
2014,6,41805,2014.4548,401.41,398.89,401.12,398.62,401.41,398.89, MLO
2014,7,41835,2014.537,399.17,398.38,399.53,398.78,399.17,398.38, MLO
2014,8,41866,2014.6219,397.3,398.82,397.38,398.94,397.3,398.82, MLO
2014,9,41897,2014.7068,395.49,398.9,395.66,399.1,395.49,398.9, MLO
2014,10,41927,2014.789,395.74,399.26,395.75,399.26,395.74,399.26, MLO
2014,11,41958,2014.874,397.32,399.52,397.24,399.43,397.32,399.52, MLO
2014,12,41988,2014.9562,398.89,399.79,398.71,399.59,398.89,399.79, MLO
2015,1,42019,2015.0411,399.94,399.88,399.85,399.77,399.94,399.88, MLO
2015,2,42050,2015.126,400.4,399.63,400.72,399.95,400.4,399.63, MLO
2015,3,42078,2015.2027,401.6,400.09,401.64,400.11,401.6,400.09, MLO
2015,4,42109,2015.2877,403.52,400.82,403.04,400.31,403.52,400.82, MLO
2015,5,42139,2015.3699,404.03,400.71,403.83,400.51,404.03,400.71, MLO
2015,6,42170,2015.4548,402.81,400.28,403.23,400.73,402.81,400.28, MLO
2015,7,42200,2015.537,401.54,400.75,401.71,400.96,401.54,400.75, MLO
2015,8,42231,2015.6219,398.93,400.45,399.65,401.22,398.93,400.45, MLO
2015,9,42262,2015.7068,397.43,400.86,398.06,401.5,397.43,400.86, MLO
2015,10,42292,2015.789,398.22,401.75,398.28,401.8,398.22,401.75, MLO
2015,11,42323,2015.874,400.17,402.38,399.92,402.11,400.17,402.38, MLO
2015,12,42353,2015.9562,401.82,402.72,401.53,402.42,401.82,402.72, MLO
2016,1,42384,2016.041,402.57,402.5,402.81,402.73,402.57,402.5, MLO
2016,2,42415,2016.1257,404.1,403.33,403.82,403.04,404.1,403.33, MLO
2016,3,42444,2016.2049,404.79,403.25,404.88,403.32,404.79,403.25, MLO
2016,4,42475,2016.2896,407.48,404.74,406.36,403.6,407.48,404.74, MLO
2016,5,42505,2016.3716,407.6,404.26,407.18,403.85,407.6,404.26, MLO
2016,6,42536,2016.4563,406.94,404.43,406.58,404.09,406.94,404.43, MLO
2016,7,42566,2016.5383,404.43,403.68,405.04,404.31,404.43,403.68, MLO
2016,8,42597,2016.623,402.16,403.72,402.94,404.54,402.16,403.72, MLO
2016,9,42628,2016.7077,400.94,404.39,401.29,404.76,400.94,404.39, MLO
2016,10,42658,2016.7896,401.43,404.97,401.44,404.97,401.43,404.97, MLO
2016,11,42689,2016.8743,403.57,405.78,402.99,405.18,403.57,405.78, MLO
2016,12,42719,2016.9563,404.48,405.39,404.49,405.37,404.48,405.39, MLO
2017,1,42750,2017.0411,406,405.93,405.64,405.56,406,405.93, MLO
2017,2,42781,2017.126,406.57,405.8,406.53,405.75,406.57,405.8, MLO
2017,3,42809,2017.2027,406.99,405.48,407.44,405.91,406.99,405.48, MLO
2017,4,42840,2017.2877,408.88,406.16,408.82,406.08,408.88,406.16, MLO
2017,5,42870,2017.3699,409.84,406.5,409.58,406.24,409.84,406.5, MLO
2017,6,42901,2017.4548,409.04,406.5,408.92,406.4,409.04,406.5, MLO
2017,7,42931,2017.537,407.14,406.35,407.31,406.55,407.14,406.35, MLO
2017,8,42962,2017.6219,405.19,406.73,405.13,406.71,405.19,406.73, MLO
2017,9,42993,2017.7068,403.2,406.65,403.4,406.86,403.2,406.65, MLO
2017,10,43023,2017.789,403.56,407.12,403.48,407.01,403.56,407.12, MLO
2017,11,43054,2017.874,405.1,407.32,404.97,407.17,405.1,407.32, MLO
2017,12,43084,2017.9562,406.68,407.59,406.43,407.32,406.68,407.59, MLO
2018,1,43115,2018.0411,407.98,407.91,407.56,407.48,407.98,407.91, MLO
2018,2,43146,2018.126,408.35,407.58,408.42,407.64,408.35,407.58, MLO
2018,3,43174,2018.2027,409.21,407.69,409.32,407.79,409.21,407.69, MLO
2018,4,43205,2018.2877,410.23,407.5,410.72,407.97,410.23,407.5, MLO
2018,5,43235,2018.3699,411.23,407.88,411.51,408.16,411.23,407.88, MLO
2018,6,43266,2018.4548,410.81,408.26,410.9,408.38,410.81,408.26, MLO
2018,7,43296,2018.537,408.83,408.04,409.36,408.61,408.83,408.04, MLO
2018,8,43327,2018.6219,407.02,408.56,407.28,408.86,407.02,408.56, MLO
2018,9,43358,2018.7068,405.53,408.99,405.65,409.13,405.53,408.99, MLO
2018,10,43388,2018.789,405.93,409.49,405.84,409.39,405.93,409.49, MLO
2018,11,43419,2018.874,408.05,410.28,407.46,409.66,408.05,410.28, MLO
2018,12,43449,2018.9562,409.16,410.07,409.03,409.92,409.16,410.07, MLO
2019,1,43480,2019.0411,410.85,410.78,410.26,410.18,410.85,410.78, MLO
2019,2,43511,2019.126,411.58,410.81,411.21,410.42,411.58,410.81, MLO
2019,3,43539,2019.2027,411.9,410.38,412.18,410.64,411.9,410.38, MLO
2019,4,43570,2019.2877,413.46,410.73,413.62,410.87,413.46,410.73, MLO
2019,5,43600,2019.3699,414.75,411.39,414.44,411.08,414.75,411.39, MLO
2019,6,43631,2019.4548,413.89,411.34,413.84,411.3,413.89,411.34, MLO
2019,7,43661,2019.537,411.79,411,412.28,411.52,411.79,411, MLO
2019,8,43692,2019.6219,410.02,411.57,410.16,411.74,410.02,411.57, MLO
2019,9,43723,2019.7068,408.48,411.94,408.48,411.96,408.48,411.94, MLO
2019,10,43753,2019.789,408.4,411.97,408.62,412.18,408.4,411.97, MLO
2019,11,43784,2019.874,410.16,412.39,410.19,412.4,410.16,412.39, MLO
2019,12,43814,2019.9562,411.81,412.72,411.72,412.61,411.81,412.72, MLO
2020,1,43845,2020.041,413.32,413.25,412.91,412.83,413.32,413.25, MLO
2020,2,43876,2020.1257,414.04,413.27,413.82,413.04,414.04,413.27, MLO
2020,3,43905,2020.2049,414.44,412.89,414.81,413.24,414.44,412.89, MLO
2020,4,43936,2020.2896,416.11,413.33,416.23,413.44,416.11,413.33, MLO
2020,5,43966,2020.3716,417.16,413.79,417,413.64,417.16,413.79, MLO
2020,6,43997,2020.4563,416.29,413.76,416.35,413.84,416.29,413.76, MLO
2020,7,44027,2020.5383,414.43,413.66,414.76,414.03,414.43,413.66, MLO
2020,8,44058,2020.623,412.52,414.1,412.62,414.23,412.52,414.1, MLO
2020,9,44089,2020.7077,411.17,414.65,410.93,414.43,411.17,414.65, MLO
2020,10,44119,2020.7896,411.12,414.7,411.06,414.62,411.12,414.7, MLO
2020,11,44150,2020.8743,412.89,415.13,412.59,414.81,412.89,415.13, MLO
2020,12,44180,2020.9563,413.88,414.8,414.09,414.98,413.88,414.8, MLO
2021,1,44211,2021.0411,415.15,415.08,415.24,415.16,415.15,415.08, MLO
2021,2,44242,2021.126,416.47,415.69,416.13,415.34,416.47,415.69, MLO
2021,3,44270,2021.2027,417.1,415.56,417.04,415.49,417.1,415.56, MLO
2021,4,44301,2021.2877,418.26,415.51,418.43,415.66,418.26,415.51, MLO
2021,5,44331,2021.3699,418.95,415.57,419.21,415.83,418.95,415.57, MLO
2021,6,44362,2021.4548,418.7,416.13,418.55,416.01,418.7,416.13, MLO
2021,7,44392,2021.537,416.66,415.86,416.95,416.18,416.66,415.86, MLO
2021,8,44423,2021.6219,414.38,415.93,414.78,416.37,414.38,415.93, MLO
2021,9,44454,2021.7068,412.93,416.41,413.06,416.56,412.93,416.41, MLO
2021,10,44484,2021.789,413.52,417.11,413.16,416.74,413.52,417.11, MLO
2021,11,44515,2021.874,414.81,417.06,414.7,416.92,414.81,417.06, MLO
2021,12,44545,2021.9562,416.43,417.35,416.19,417.09,416.43,417.35, MLO
2022,1,44576,2022.0411,418.01,417.94,417.33,417.25,418.01,417.94, MLO
2022,2,44607,2022.126,418.99,418.21,418.2,417.41,418.99,418.21, MLO
2022,3,44635,2022.2027,418.45,416.91,419.1,417.54,418.45,416.91, MLO
2022,4,44666,2022.2877,420.01,417.25,420.47,417.69,420.01,417.25, MLO
2022,5,44696,2022.3699,420.78,417.39,421.23,417.84,420.78,417.39, MLO
2022,6,44727,2022.4548,420.68,418.1,420.56,418.01,420.68,418.1, MLO
2022,7,44757,2022.537,418.71,417.91,418.95,418.18,418.71,417.91, MLO
2022,8,44788,2022.6219,416.75,418.3,416.77,418.37,416.75,418.3, MLO
2022,9,44819,2022.7068,415.42,418.91,415.05,418.56,415.42,418.91, MLO
2022,10,44849,2022.789,415.31,418.91,415.16,418.75,415.31,418.91, MLO
2022,11,44880,2022.874,417.03,419.28,416.72,418.95,417.03,419.28, MLO
2022,12,44910,2022.9562,418.46,419.38,418.25,419.16,418.46,419.38, MKO
2023,1,44941,2023.0411,419.13,419.06,419.46,419.38,419.13,419.06, MKO
2023,2,44972,2023.126,420.33,419.55,420.4,419.61,420.33,419.55, MKO
2023,3,45000,2023.2027,420.51,418.97,421.39,419.83,420.51,418.97, MLO
2023,4,45031,2023.2877,422.73,419.97,422.88,420.1,422.73,419.97, MLO
2023,5,45061,2023.3699,423.78,420.38,423.76,420.37,423.78,420.38, MLO
2023,6,45092,2023.4548,423.39,420.81,423.22,420.66,423.39,420.81, MLO
2023,7,45122,2023.537,421.62,420.82,421.72,420.95,421.62,420.82, MLO
2023,8,45153,2023.6219,419.56,421.12,419.66,421.26,419.56,421.12, MLO
2023,9,45184,2023.7068,418.06,421.56,418.05,421.57,418.06,421.56, MLO
2023,10,45214,2023.789,418.41,422.01,418.28,421.87,418.41,422.01, MLO
2023,11,45245,2023.874,420.11,422.37,419.94,422.18,420.11,422.37, MLO
2023,12,45275,2023.9562,421.65,422.57,421.57,422.47,421.65,422.57, MLO
2024,1,45306,2024.041,422.62,422.55,422.85,422.77,422.62,422.55, MLO
2024,2,45337,2024.1257,424.34,423.56,423.85,423.06,424.34,423.56, MLO
2024,3,45366,2024.2049,425.22,423.65,424.92,423.33,425.22,423.65, MLO
2024,4,45397,2024.2896,426.3,423.5,426.43,423.61,426.3,423.5, MLO
2024,5,45427,2024.3716,426.7,423.3,427.29,423.89,426.7,423.3, MLO
2024,6,45458,2024.4563,426.62,424.06,426.72,424.18,426.62,424.06, MLO
2024,7,45488,2024.5383,425.4,424.63,425.2,424.46,425.4,424.63, MLO
2024,8,45519,2024.623,422.7,424.3,423.13,424.76,422.7,424.3, MLO
2024,9,45550,2024.7077,421.59,425.11,421.53,425.07,421.59,425.11, MLO
2024,10,45580,2024.7896,422.05,425.66,421.77,425.37,422.05,425.66, MLO
2024,11,45611,2024.8743,-99.99,-99.99,-99.99,-99.99,-99.99,-99.99, MLO
2024,12,45641,2024.9563,-99.99,-99.99,-99.99,-99.99,-99.99,-99.99, MLO
